DELETE;1562
DELETE;5276
ADD;6836;0
UPDATE;8035;3227;4
DELETE;4577
ADD;5081;6
DELETE;5514
DELETE;1806
UPDATE;4073;5995;0
UPDATE;8818;7550;0
UPDATE;2577;6764;5
UPDATE;295;3778;2
ADD;5384;7
DELETE;5387
ADD;5194;7
UPDATE;5978;3329;4
UPDATE;7311;1043;6
DELETE;4079
UPDATE;5557;6397;2
DELETE;575
DELETE;8608
ADD;3310;4
DELETE;5602
DELETE;8959
DELETE;5293
DELETE;6521
DELETE;9087
UPDATE;8868;5988;2
ADD;4623;7
DELETE;1534
DELETE;317
ADD;1369;2
DELETE;4003
DELETE;7856
ADD;2707;7
UPDATE;9923;7453;6
DELETE;1278
UPDATE;1143;5886;7
UPDATE;3382;9818;0
UPDATE;1627;5075;6
UPDATE;7141;2338;2
UPDATE;3155;4694;7
UPDATE;2802;2179;3
ADD;2612;1
ADD;6578;7
ADD;6902;6
ADD;8797;1
ADD;5563;3
ADD;7832;4
ADD;7576;3
DELETE;5911
UPDATE;3633;5395;1
DELETE;9692
UPDATE;6514;1547;2
ADD;7578;6
ADD;2356;0
DELETE;4629
ADD;3043;3
UPDATE;7675;6497;4
UPDATE;8232;8063;7
DELETE;5877
ADD;4460;7
DELETE;9256
ADD;9570;0
UPDATE;6926;3972;1
DELETE;2008
DELETE;7212
DELETE;5838
UPDATE;7089;5507;6
ADD;6193;4
ADD;1816;0
ADD;5937;3
ADD;3525;7
DELETE;1982
ADD;9149;5
UPDATE;6672;8393;3
UPDATE;9747;6603;4
ADD;3097;2
UPDATE;7417;4785;2
ADD;6264;7
DELETE;1078
DELETE;3970
DELETE;9631
UPDATE;402;1819;3
ADD;8402;6
ADD;2449;4
UPDATE;9492;4568;0
ADD;5708;0
DELETE;3530
UPDATE;2333;5923;3
DELETE;1052
UPDATE;7001;3409;7
DELETE;9176
UPDATE;1514;6807;7
ADD;4496;6
UPDATE;9822;1948;2
UPDATE;5499;2531;6
UPDATE;430;6659;3
ADD;8925;5
UPDATE;760;7069;0
UPDATE;5439;7884;5
ADD;3631;7
UPDATE;4116;5292;0
UPDATE;9306;2423;1
UPDATE;6033;3861;5
DELETE;6799
ADD;9865;0
UPDATE;4768;9079;3
ADD;2989;0
DELETE;3467
UPDATE;5673;4289;6
UPDATE;7004;4807;5
ADD;5919;1
UPDATE;9309;2152;6
DELETE;7246
UPDATE;4373;9778;1
ADD;6164;4
DELETE;910
UPDATE;5086;6821;5
DELETE;2623
ADD;3221;4
DELETE;7424
ADD;1921;6
ADD;9007;3
ADD;1537;6
ADD;9077;2
UPDATE;8309;3005;6
ADD;6100;2
DELETE;5063
UPDATE;5890;5120;7
ADD;2562;1
ADD;6589;0
ADD;3627;0
DELETE;5517
ADD;3751;4
DELETE;298
UPDATE;8367;5017;2
ADD;3986;3
UPDATE;9956;5748;4
ADD;9085;3
DELETE;5787
UPDATE;9872;9285;5
UPDATE;23;8042;7
DELETE;6548
UPDATE;7256;3557;7
UPDATE;953;6276;0
DELETE;1011
ADD;6614;5
ADD;4797;2
ADD;3305;3
UPDATE;8181;7738;6
UPDATE;3310;1739;5
ADD;2841;7
UPDATE;1978;2450;1
ADD;4350;4
ADD;8166;7
UPDATE;1389;8203;1
ADD;5260;3
UPDATE;2509;6146;7
DELETE;2791
UPDATE;7448;1286;2
UPDATE;3552;2984;5
DELETE;2375
UPDATE;6409;2912;5
DELETE;9841
ADD;9336;5
ADD;7077;7
UPDATE;7362;5719;1
ADD;1418;1
UPDATE;7592;2405;0
DELETE;6022
ADD;1957;4
UPDATE;8477;4863;5
ADD;8209;3
ADD;8871;3
DELETE;6722
UPDATE;2836;1880;6
UPDATE;4288;2438;1
DELETE;1483
ADD;3392;7
UPDATE;9685;6707;0
ADD;3543;1
DELETE;6282
ADD;8665;1
ADD;5846;6
UPDATE;9154;2068;7
ADD;2989;4
UPDATE;7535;6735;2
DELETE;1821
DELETE;2025
DELETE;9409
UPDATE;3423;1984;0
ADD;5069;6
ADD;9638;6
DELETE;2763
ADD;8414;7
ADD;3388;4
ADD;7367;5
DELETE;149
DELETE;942
DELETE;5331
DELETE;3945
ADD;2680;1
ADD;8429;2
UPDATE;4511;6198;0
DELETE;9365
UPDATE;7519;5866;6
DELETE;9979
UPDATE;9930;9876;3
UPDATE;6917;6132;0
ADD;8438;0
UPDATE;6693;2326;0
ADD;6705;0
ADD;3519;2
ADD;3411;5
ADD;7381;0
UPDATE;5051;2454;6
ADD;5868;7
DELETE;4220
UPDATE;8063;6595;3
DELETE;1516
DELETE;2958
DELETE;7368
ADD;9208;7
UPDATE;4181;6084;0
ADD;5983;1
UPDATE;9276;7822;2
ADD;7464;5
DELETE;8615
DELETE;3206
DELETE;4603
UPDATE;8037;9373;6
ADD;1875;6
ADD;4816;1
ADD;8747;3
ADD;5103;0
UPDATE;2337;3314;3
DELETE;4556
ADD;6604;2
UPDATE;5768;2157;3
DELETE;9739
ADD;4486;7
ADD;8385;1
UPDATE;2820;2453;0
UPDATE;3120;6076;4
DELETE;6698
UPDATE;2529;2721;7
UPDATE;6697;8464;1
DELETE;2348
DELETE;9035
UPDATE;6458;4424;5
ADD;5954;1
UPDATE;4498;9266;3
UPDATE;3668;4694;2
ADD;9179;0
ADD;1631;0
UPDATE;9886;4965;1
ADD;9470;5
UPDATE;7238;7235;0
DELETE;3056
DELETE;148
UPDATE;4666;8931;5
ADD;2482;0
ADD;4194;5
DELETE;6037
ADD;3750;0
DELETE;8791
ADD;7778;4
DELETE;7887
DELETE;7859
DELETE;9793
UPDATE;9271;4739;2
ADD;9717;5
UPDATE;9431;2394;2
UPDATE;6227;5101;4
UPDATE;3051;7210;3
UPDATE;7224;6795;4
UPDATE;8220;8201;0
UPDATE;756;8140;7
UPDATE;4241;7753;0
DELETE;7692
UPDATE;6089;9252;5
DELETE;4046
ADD;4843;1
UPDATE;354;5731;2
ADD;3937;0
UPDATE;7247;9812;6
ADD;9588;2
DELETE;6831
DELETE;9069
UPDATE;8749;7839;4
DELETE;6123
ADD;6989;7
UPDATE;6446;4864;4
UPDATE;6998;2985;6
ADD;2353;6
DELETE;5128
UPDATE;2296;8967;0
ADD;2787;5
DELETE;4320
DELETE;3065
ADD;4321;5
DELETE;1671
ADD;3047;4
ADD;3861;4
UPDATE;896;1793;6
DELETE;3702
DELETE;9560
ADD;7941;2
ADD;6503;7
UPDATE;6991;7951;0
UPDATE;192;4513;2
UPDATE;30;5908;4
ADD;4696;0
UPDATE;1108;9684;1
ADD;4638;3
UPDATE;5030;1913;1
UPDATE;6773;8435;3
ADD;8122;2
ADD;6752;3
ADD;7641;1
ADD;6671;5
ADD;6720;1
UPDATE;8961;9729;5
DELETE;2015
UPDATE;6881;2038;4
DELETE;3498
DELETE;6660
UPDATE;6046;3903;4
UPDATE;7655;3830;6
UPDATE;7379;5566;2
DELETE;7455
DELETE;6026
DELETE;997
DELETE;6808
DELETE;9706
DELETE;7703
UPDATE;6667;3894;3
ADD;1876;1
DELETE;2871
DELETE;8444
DELETE;7891
DELETE;505
UPDATE;8282;9636;7
ADD;5415;1
UPDATE;7824;6947;2
DELETE;1550
DELETE;865
UPDATE;2995;4616;6
DELETE;6677
UPDATE;2803;2321;1
ADD;9432;7
ADD;2676;4
UPDATE;3292;2823;0
UPDATE;3217;8237;7
ADD;1348;3
DELETE;4775
ADD;6378;7
DELETE;3418
ADD;4663;0
ADD;7461;0
ADD;5511;7
UPDATE;3133;2918;5
ADD;7498;2
DELETE;8644
UPDATE;398;6086;2
UPDATE;7721;7337;2
UPDATE;8331;8621;6
ADD;4670;1
ADD;5878;2
ADD;6179;0
ADD;3901;4
DELETE;5669
DELETE;8769
UPDATE;7710;8105;1
DELETE;5407
UPDATE;165;7315;7
DELETE;9053
ADD;5908;0
DELETE;690
ADD;9041;4
ADD;8045;4
ADD;5834;7
UPDATE;1555;9957;1
UPDATE;3865;4565;0
DELETE;5017
UPDATE;8921;6538;0
ADD;3852;4
ADD;6392;7
UPDATE;9037;9299;2
UPDATE;7645;7324;0
UPDATE;1816;5492;1
DELETE;6527
UPDATE;9970;2936;3
DELETE;9840
ADD;5834;6
DELETE;3478
UPDATE;424;4821;2
ADD;4325;6
UPDATE;382;8539;1
DELETE;9618
ADD;3553;2
UPDATE;5320;6747;6
UPDATE;1712;7504;1
ADD;4673;4
UPDATE;1941;1974;1
ADD;2789;0
DELETE;1521
DELETE;928
DELETE;3864
UPDATE;8725;1654;6
DELETE;5106
ADD;3884;0
UPDATE;3603;9671;2
DELETE;2979
UPDATE;3630;4184;1
UPDATE;1092;9321;6
UPDATE;3296;2986;1
ADD;2093;6
ADD;8568;5
ADD;9039;5
DELETE;7684
DELETE;4141
UPDATE;7286;5479;0
DELETE;6892
UPDATE;8647;3321;2
ADD;1357;5
UPDATE;4440;5818;4
ADD;1215;7
DELETE;4524
UPDATE;6372;3735;7
ADD;8943;6
ADD;8262;0
DELETE;1794
ADD;3844;0
UPDATE;9952;6832;6
DELETE;1263
ADD;9619;0
UPDATE;7799;5724;0
DELETE;8307
UPDATE;3176;3281;7
DELETE;1939
DELETE;4131
ADD;1103;1
ADD;4951;4
ADD;9850;2
DELETE;8870
UPDATE;9726;3148;3
DELETE;2255
DELETE;4490
ADD;3114;3
UPDATE;389;5938;7
DELETE;7843
ADD;2114;0
UPDATE;2212;2355;3
DELETE;3801
ADD;6401;2
UPDATE;2833;6259;5
ADD;8781;1
DELETE;2959
DELETE;1733
UPDATE;8080;3938;7
DELETE;3840
ADD;3587;7
DELETE;7285
ADD;4317;3
DELETE;2743
ADD;9353;4
ADD;4281;0
ADD;9318;1
DELETE;4966
UPDATE;4700;8122;3
ADD;1216;1
ADD;2352;1
UPDATE;7999;8232;5
DELETE;5299
UPDATE;4587;7817;1
ADD;8339;5
ADD;4544;0
UPDATE;5373;4767;3
ADD;9663;4
DELETE;8769
UPDATE;8558;2924;3
DELETE;3423
ADD;2948;2
UPDATE;3548;1527;7
UPDATE;4262;5463;5
UPDATE;4828;2200;5
ADD;7788;1
ADD;3462;1
UPDATE;578;8201;1
DELETE;9786
DELETE;4021
ADD;3163;1
DELETE;9635
DELETE;790
UPDATE;2619;1342;5
UPDATE;9768;3272;4
UPDATE;716;5198;3
UPDATE;2658;6390;3
UPDATE;4881;7474;5
DELETE;4103
ADD;6736;1
UPDATE;380;7879;6
DELETE;7880
ADD;1906;1
ADD;6762;1
DELETE;6709
DELETE;5807
ADD;4455;2
DELETE;6238
ADD;7809;5
ADD;2329;7
DELETE;2960
DELETE;1046
ADD;9353;7
ADD;3286;5
DELETE;2046
ADD;3951;6
ADD;7024;0
DELETE;3399
UPDATE;4622;6269;0
ADD;1117;7
DELETE;8632
DELETE;57
DELETE;3936
DELETE;2827
UPDATE;6831;7406;0
ADD;2058;2
ADD;1235;5
DELETE;9025
DELETE;9864
UPDATE;8643;8464;4
ADD;5791;0
ADD;7312;6
UPDATE;6954;2932;4
ADD;5190;6
UPDATE;7315;8889;0
ADD;6331;0
UPDATE;5101;2823;2
ADD;2249;2
UPDATE;2321;8138;6
DELETE;1083
ADD;6446;1
DELETE;979
ADD;8541;4
ADD;3638;4
DELETE;9591
UPDATE;6845;7060;2
ADD;8343;6
ADD;2928;5
ADD;9051;2
DELETE;6016
UPDATE;5373;5457;2
DELETE;1369
UPDATE;3084;2209;0
UPDATE;2661;8184;3
DELETE;4190
ADD;7467;2
ADD;3204;5
ADD;4786;3
DELETE;8442
UPDATE;3225;6730;5
UPDATE;140;1403;5
ADD;3511;4
ADD;8476;5
ADD;2533;3
UPDATE;3741;9965;2
DELETE;6321
ADD;9558;7
ADD;2669;5
ADD;4072;0
DELETE;7563
DELETE;1609
DELETE;7957
UPDATE;7929;2645;4
UPDATE;3198;9754;0
UPDATE;9229;1074;4
ADD;6092;1
ADD;1048;2
UPDATE;4340;6240;6
ADD;1171;7
DELETE;9578
UPDATE;4010;4709;2
ADD;4451;7
DELETE;6494
DELETE;2273
UPDATE;8778;7072;5
UPDATE;736;5862;2
DELETE;1588
DELETE;9241
ADD;4288;0
ADD;2099;0
ADD;6684;2
UPDATE;7571;1662;4
DELETE;9810
DELETE;5671
UPDATE;1489;6058;3
DELETE;3823
DELETE;7569
DELETE;1825
DELETE;6793
UPDATE;2785;5909;1
DELETE;7344
UPDATE;1494;3594;3
UPDATE;5840;6492;1
UPDATE;7258;3140;5
UPDATE;9088;1107;1
DELETE;5834
UPDATE;8035;1548;2
DELETE;5748
ADD;3578;1
DELETE;3106
ADD;8337;6
DELETE;329
ADD;4243;5
DELETE;9038
DELETE;9983
ADD;9010;4
DELETE;6710
UPDATE;1578;1495;4
DELETE;2867
ADD;7142;5
DELETE;422
ADD;7577;7
UPDATE;4953;7033;5
ADD;7040;6
UPDATE;8846;2617;3
ADD;2629;0
DELETE;7991
UPDATE;5882;3119;1
UPDATE;2424;7534;6
DELETE;1772
ADD;9532;5
UPDATE;6753;3992;6
DELETE;3936
UPDATE;2568;5491;2
ADD;3117;0
UPDATE;3257;3779;7
ADD;5535;2
ADD;8254;2
DELETE;2899
ADD;1853;1
ADD;9654;0
ADD;2426;7
ADD;4993;2
UPDATE;4123;4877;4
UPDATE;1144;4606;6
UPDATE;4309;4708;4
ADD;2862;7
UPDATE;6811;1795;2
ADD;1979;0
ADD;2572;0
DELETE;1114
UPDATE;9417;1087;6
UPDATE;7707;6025;5
DELETE;4932
UPDATE;584;9477;0
UPDATE;7450;5428;7
UPDATE;1802;8063;1
UPDATE;5966;7224;2
DELETE;4856
UPDATE;6023;2051;7
DELETE;6623
DELETE;3937
UPDATE;8764;4295;4
DELETE;1218
ADD;6467;5
ADD;5244;2
ADD;2047;7
UPDATE;1812;5527;0
ADD;9957;0
UPDATE;7356;8131;2
UPDATE;7406;3638;4
ADD;8359;4
DELETE;5404
UPDATE;9254;5877;6
UPDATE;4716;8887;7
DELETE;8664
ADD;4916;3
UPDATE;8949;9958;4
UPDATE;7631;1797;4
UPDATE;4186;1901;7
DELETE;4609
UPDATE;1418;6199;0
UPDATE;9171;6810;2
DELETE;898
ADD;3385;1
UPDATE;4230;4582;6
UPDATE;1214;3581;7
DELETE;301
UPDATE;2351;6369;2
UPDATE;7225;6350;7
DELETE;4161
UPDATE;8750;4004;1
ADD;1919;3
DELETE;7262
DELETE;4940
ADD;4997;6
UPDATE;1095;3180;7
UPDATE;9427;4937;5
DELETE;6532
DELETE;3669
UPDATE;7985;3127;7
DELETE;7682
UPDATE;380;8425;2
UPDATE;5241;4239;1
UPDATE;6887;7428;3
ADD;4894;0
ADD;3711;3
ADD;1080;3
UPDATE;7990;9971;6
ADD;6167;1
UPDATE;4635;2350;7
UPDATE;7538;2133;1
ADD;4860;7
DELETE;5450
UPDATE;8380;4266;0
ADD;6831;4
ADD;5167;0
DELETE;7055
ADD;9063;3
DELETE;9666
ADD;4728;5
UPDATE;1777;9783;3
DELETE;4732
UPDATE;5517;7973;2
DELETE;4547
DELETE;458
DELETE;8379
ADD;2640;3
DELETE;2188
UPDATE;9133;9846;5
DELETE;2748
ADD;4841;0
DELETE;9930
UPDATE;6202;3943;3
UPDATE;7276;5491;4
DELETE;3611
DELETE;7710
DELETE;3478
DELETE;5873
ADD;4631;2
DELETE;7578
ADD;6698;0
UPDATE;5213;5205;2
UPDATE;1693;3379;6
ADD;4074;6
UPDATE;7356;6021;7
UPDATE;580;8639;2
UPDATE;241;3060;1
DELETE;3021
UPDATE;4325;5226;3
ADD;1734;3
UPDATE;2729;7788;6
DELETE;9675
UPDATE;2965;5340;5
ADD;1775;3
ADD;4420;0
DELETE;79
DELETE;716
DELETE;560
DELETE;4143
DELETE;5515
UPDATE;8212;5942;7
ADD;7987;7
ADD;9830;5
ADD;6544;0
UPDATE;318;7304;2
ADD;3768;3
DELETE;5498
ADD;1424;5
UPDATE;55;7470;5
DELETE;6933
ADD;7013;4
DELETE;1746
DELETE;6931
UPDATE;8716;5509;0
DELETE;5354
DELETE;9156
DELETE;7987
UPDATE;3027;5319;1
ADD;3652;1
DELETE;2607
DELETE;5950
DELETE;2202
UPDATE;1641;1114;5
ADD;8463;4
DELETE;3248
UPDATE;508;8124;7
DELETE;8739
DELETE;4512
UPDATE;8237;9375;0
DELETE;4794
ADD;9836;6
DELETE;7264
UPDATE;9692;5950;0
UPDATE;8461;2572;7
DELETE;6194
DELETE;8698
UPDATE;7182;8212;7
ADD;8303;4
ADD;1439;7
UPDATE;173;7344;0
ADD;8375;0
ADD;8134;1
DELETE;3934
UPDATE;1249;7298;7
ADD;8473;2
UPDATE;7700;7492;4
DELETE;3998
DELETE;4750
ADD;8227;1
UPDATE;3559;3185;7
DELETE;7406
UPDATE;7882;7106;3
DELETE;4472
DELETE;3657
DELETE;5757
ADD;3655;5
ADD;3493;5
UPDATE;2755;6595;2
DELETE;831
ADD;8181;6
ADD;9993;7
DELETE;807
UPDATE;2334;8992;6
DELETE;8622
UPDATE;5903;4197;7
UPDATE;3658;9854;1
UPDATE;1313;8249;7
UPDATE;9102;6601;0
UPDATE;190;6486;4
UPDATE;6391;7843;0
UPDATE;2717;3555;3
DELETE;2359
UPDATE;9560;8540;6
UPDATE;6906;7444;0
DELETE;735
ADD;2677;7
UPDATE;8618;2407;7
DELETE;7377
ADD;1023;6
DELETE;5480
DELETE;3097
UPDATE;4270;5911;2
ADD;6942;3
DELETE;842
DELETE;3091
ADD;8986;1
UPDATE;3216;4712;3
UPDATE;7198;6441;3
UPDATE;4209;7794;1
ADD;2783;4
UPDATE;4004;7580;5
UPDATE;3844;9231;3
UPDATE;1213;6027;4
ADD;6818;1
DELETE;6995
DELETE;9508
UPDATE;9017;4270;4
DELETE;8048
DELETE;9914
DELETE;4959
UPDATE;2597;9071;0
DELETE;9250
ADD;2571;0
UPDATE;6326;6288;4
UPDATE;6223;8682;7
UPDATE;6788;3465;0
UPDATE;3024;8646;7
ADD;6253;4
DELETE;5060
UPDATE;550;1310;5
DELETE;1928
ADD;4631;3
ADD;7785;2
UPDATE;2704;5993;6
UPDATE;7610;6499;2
UPDATE;2695;8184;6
DELETE;7917
DELETE;3939
UPDATE;4784;5838;0
UPDATE;9212;2155;3
UPDATE;1281;7763;4
ADD;4586;6
UPDATE;5007;4698;4
UPDATE;9159;3554;4
DELETE;2326
ADD;9963;1
DELETE;7342
DELETE;2554
ADD;9590;4
ADD;8339;5
UPDATE;9281;1393;2
UPDATE;8809;5425;7
DELETE;3194
DELETE;3292
ADD;3868;3
UPDATE;5473;3359;6
ADD;5093;3
ADD;4238;3
UPDATE;2128;8598;3
ADD;3238;6
DELETE;26
UPDATE;4730;3789;6
ADD;2716;2
ADD;3271;4
UPDATE;849;7448;2
UPDATE;9268;8776;1
UPDATE;6536;7941;4
UPDATE;5931;8567;1
UPDATE;199;4583;2
DELETE;321
UPDATE;8669;8009;0
ADD;7672;1
ADD;5637;6
UPDATE;6008;5540;4
UPDATE;2150;5631;1
ADD;2033;1
ADD;3394;7
ADD;2523;6
ADD;7222;1
UPDATE;966;8332;3
DELETE;2579
UPDATE;7167;3590;3
ADD;4075;3
ADD;4842;7
ADD;3103;6
DELETE;4880
ADD;4314;1
DELETE;354
DELETE;4683
DELETE;2899
ADD;8474;3
ADD;9840;0
ADD;9625;3
ADD;1285;2
ADD;1305;3
ADD;5537;3
UPDATE;2312;8451;0
ADD;5471;3
DELETE;6901
UPDATE;6951;9641;7
UPDATE;7303;7991;4
ADD;7138;4
DELETE;8942
UPDATE;962;9157;3
ADD;4421;1
UPDATE;6829;3256;7
UPDATE;5779;5972;6
UPDATE;7366;3846;4
UPDATE;9346;7842;0
ADD;4933;3
UPDATE;4164;4765;7
DELETE;9567
UPDATE;5;7456;2
DELETE;3585
ADD;9233;5
ADD;2436;3
UPDATE;2483;7521;5
UPDATE;5788;6414;0
DELETE;9220
UPDATE;6547;7419;5
DELETE;3458
DELETE;9382
UPDATE;6157;7931;1
DELETE;5239
ADD;8181;7
UPDATE;1920;4344;2
DELETE;5718
ADD;2694;2
DELETE;1234
UPDATE;7998;8375;3
DELETE;9453
ADD;6407;3
UPDATE;2965;7989;1
UPDATE;7607;8308;2
UPDATE;5781;1081;1
UPDATE;1266;1242;6
ADD;7996;0
DELETE;6934
DELETE;7340
ADD;7139;5
DELETE;8669
UPDATE;6674;2887;0
ADD;8879;3
UPDATE;2536;6256;1
DELETE;3647
DELETE;8319
DELETE;9894
ADD;1131;3
UPDATE;7259;6003;4
ADD;5870;0
ADD;3182;2
UPDATE;2637;5012;3
DELETE;877
UPDATE;7005;4913;3
ADD;2304;2
UPDATE;4268;7591;1
UPDATE;9762;2799;7
UPDATE;7243;8032;4
ADD;6424;3
DELETE;3685
DELETE;8026
ADD;4681;3
DELETE;7775
UPDATE;5371;8615;7
UPDATE;1708;2386;3
DELETE;7363
ADD;1348;7
DELETE;6890
ADD;6224;3
UPDATE;8798;9030;7
DELETE;2233
DELETE;8661
DELETE;1053
UPDATE;9581;5246;3
ADD;7224;1
ADD;3291;7
UPDATE;2015;5278;4
UPDATE;7803;5509;7
ADD;7237;6
UPDATE;2080;7102;0
UPDATE;5511;4594;7
DELETE;4660
UPDATE;511;9362;5
ADD;1809;5
ADD;3180;7
UPDATE;7344;5848;5
ADD;1094;5
ADD;4573;2
ADD;1308;2
UPDATE;4886;3106;4
ADD;6715;0
DELETE;5260
ADD;3297;7
DELETE;5050
DELETE;5706
UPDATE;8042;9195;5
DELETE;255
ADD;4414;0
DELETE;9462
UPDATE;943;7450;2
DELETE;3090
UPDATE;6781;9199;6
DELETE;4538
DELETE;8671
DELETE;7736
DELETE;8989
DELETE;6107
DELETE;6666
ADD;8350;6
UPDATE;8973;7562;7
ADD;2734;0
ADD;1141;1
DELETE;8616
ADD;9383;3
UPDATE;818;2711;0
ADD;7998;7
ADD;6318;1
DELETE;1450
ADD;7016;6
DELETE;961
UPDATE;6270;2461;6
ADD;6614;1
ADD;4345;1
DELETE;7816
ADD;7635;0
UPDATE;8984;9613;7
DELETE;2891
ADD;1377;1
ADD;3109;0
UPDATE;5922;5997;7
ADD;4919;3
DELETE;1219
ADD;8241;6
ADD;9398;2
DELETE;4968
DELETE;249
DELETE;3254
UPDATE;1902;7471;3
UPDATE;2016;3357;1
UPDATE;5893;5611;0
ADD;7620;5
ADD;4537;2
DELETE;2087
DELETE;9062
ADD;3211;0
UPDATE;8523;8792;4
ADD;7929;3
UPDATE;1020;4860;6
ADD;7610;1
DELETE;1197
DELETE;8178
DELETE;1727
ADD;1522;5
ADD;2229;1
ADD;9619;3
ADD;6918;4
DELETE;8860
ADD;3576;5
DELETE;8211
UPDATE;9436;5281;7
DELETE;1575
UPDATE;4193;2631;7
ADD;3664;6
UPDATE;7406;7266;4
UPDATE;3524;9250;1
DELETE;6872
ADD;6878;2
ADD;8179;0
DELETE;2135
ADD;9261;1
DELETE;619
ADD;9099;3
UPDATE;3251;8959;1
UPDATE;2471;8525;1
UPDATE;2851;9128;6
ADD;2805;3
ADD;7227;6
ADD;8069;6
DELETE;4794
DELETE;6969
DELETE;6108
UPDATE;7020;8903;0
UPDATE;8550;4923;0
DELETE;2837
DELETE;185
UPDATE;306;1112;3
ADD;5595;2
DELETE;4669
DELETE;7332
UPDATE;1857;4906;1
UPDATE;7485;9535;7
DELETE;6542
DELETE;2274
DELETE;4118
DELETE;211
DELETE;2730
DELETE;430
ADD;4217;1
ADD;5151;7
ADD;7326;0
DELETE;417
UPDATE;7899;9068;5
UPDATE;4463;7675;3
UPDATE;6168;5575;4
ADD;8342;0
ADD;1611;4
ADD;9841;2
UPDATE;5172;1945;7
UPDATE;702;9453;7
DELETE;5622
DELETE;876
UPDATE;5174;3195;2
DELETE;5506
ADD;3829;3
UPDATE;8489;1418;3
DELETE;1494
ADD;2829;7
UPDATE;5254;5495;4
ADD;8169;2
DELETE;1800
ADD;3737;5
ADD;6389;3
DELETE;9868
ADD;1059;4
ADD;7691;2
UPDATE;6314;8877;7
ADD;3625;2
DELETE;8844
DELETE;8445
DELETE;2653
ADD;8227;5
DELETE;5742
ADD;6777;7
ADD;6292;1
DELETE;9242
UPDATE;8717;4603;4
DELETE;775
ADD;5904;4
ADD;1622;5
ADD;6250;0
UPDATE;1831;5820;0
DELETE;669
ADD;2554;3
ADD;6963;3
UPDATE;2287;6806;1
UPDATE;575;6243;7
DELETE;8554
ADD;9836;4
UPDATE;660;7244;2
UPDATE;5489;1190;7
UPDATE;9590;3315;1
ADD;9969;4
DELETE;301
ADD;5514;7
UPDATE;4577;1409;7
UPDATE;9629;8495;0
DELETE;836
ADD;4423;1
ADD;6623;6
ADD;1908;0
UPDATE;4474;2331;5
ADD;2182;2
ADD;1475;4
ADD;9938;6
UPDATE;4395;4685;4
ADD;6448;0
DELETE;6027
UPDATE;3386;1432;4
DELETE;6144
DELETE;2331
ADD;8072;2
DELETE;7320
ADD;9507;6
DELETE;6089
DELETE;9695
DELETE;5934
DELETE;7785
UPDATE;2309;1701;0
UPDATE;2438;6475;7
DELETE;9230
ADD;6189;4
DELETE;6618
DELETE;2911
DELETE;5864
DELETE;9808
UPDATE;7404;2467;7
ADD;9662;4
UPDATE;2590;2148;5
DELETE;9140
UPDATE;625;4778;1
DELETE;9712
UPDATE;3412;4062;3
DELETE;8067
ADD;2962;2
ADD;7150;0
UPDATE;4908;8115;7
UPDATE;8741;8942;6
DELETE;8692
DELETE;8356
UPDATE;127;3879;3
UPDATE;6349;1071;1
UPDATE;3087;5967;4
UPDATE;2869;2915;0
ADD;7569;6
ADD;4041;7
UPDATE;7474;4889;6
DELETE;1470
DELETE;478
ADD;2174;2
DELETE;8891
UPDATE;4048;3511;5
DELETE;7059
DELETE;501
ADD;8201;7
ADD;1059;2
UPDATE;8544;9168;0
ADD;1197;1
DELETE;4735
DELETE;5297
ADD;2998;0
ADD;4911;0
UPDATE;8194;3294;0
DELETE;3285
UPDATE;3375;9982;5
ADD;6331;5
UPDATE;9712;3239;0
ADD;2604;4
ADD;8334;0
ADD;1699;6
ADD;6189;5
DELETE;1095
UPDATE;9619;2865;2
ADD;6282;3
UPDATE;3716;4986;6
UPDATE;1930;7794;0
DELETE;5865
DELETE;4549
ADD;1913;1
DELETE;6458
UPDATE;690;4313;3
ADD;2869;4
UPDATE;4547;2097;7
DELETE;7271
UPDATE;678;7167;4
ADD;1322;6
UPDATE;7898;6166;1
UPDATE;8193;2702;6
UPDATE;1026;3263;5
UPDATE;3425;1648;0
ADD;3889;7
DELETE;8004
ADD;9596;2
ADD;1419;0
ADD;1654;1
UPDATE;4910;8526;1
DELETE;5855
DELETE;9750
DELETE;6482
ADD;8975;0
DELETE;6072
UPDATE;7668;9276;6
DELETE;464
UPDATE;5296;2425;6
DELETE;9187
UPDATE;371;8747;2
UPDATE;3303;4697;0
UPDATE;2954;7052;2
DELETE;6026
ADD;1485;0
ADD;3832;3
DELETE;4251
UPDATE;6449;5425;6
UPDATE;9223;9165;1
UPDATE;4801;5048;5
DELETE;9926
UPDATE;9605;7801;7
DELETE;9208
ADD;3387;7
DELETE;8713
DELETE;5796
UPDATE;1534;2211;5
UPDATE;9191;5586;4
ADD;6008;3
DELETE;7645
UPDATE;8854;8563;1
ADD;5110;0
ADD;2237;3
UPDATE;9236;5526;4
ADD;9088;3
ADD;7569;5
DELETE;6984
UPDATE;2556;2382;6
DELETE;2127
ADD;9056;1
DELETE;8009
ADD;2218;2
DELETE;2886
UPDATE;7942;2075;6
ADD;3734;3
ADD;9762;7
DELETE;9931
UPDATE;1544;8642;4
UPDATE;8234;2744;4
ADD;4520;0
DELETE;817
ADD;8422;4
ADD;6057;3
ADD;2057;7
UPDATE;3093;1392;1
ADD;1253;3
UPDATE;1106;3332;7
ADD;8448;6
DELETE;8647
ADD;9995;7
ADD;2494;7
UPDATE;3515;1545;2
ADD;8099;1
UPDATE;9819;1998;0
ADD;9620;4
UPDATE;4303;5342;2
UPDATE;2522;5329;4
DELETE;475
ADD;8753;2
ADD;5606;6
DELETE;2440
DELETE;8071
DELETE;6014
ADD;5123;2
DELETE;9982
UPDATE;4792;6477;5
DELETE;4321
ADD;6418;5
DELETE;6392
UPDATE;8708;8148;5
ADD;2912;3
ADD;9731;0
UPDATE;5118;8855;1
DELETE;2227
DELETE;4973
DELETE;8630
ADD;2748;4
ADD;6957;5
ADD;9934;2
DELETE;1315
UPDATE;8474;7510;3
UPDATE;5633;8511;2
UPDATE;2174;3178;5
UPDATE;1301;9803;2
DELETE;2510
ADD;2237;6
ADD;9594;2
ADD;2547;6
DELETE;2909
ADD;4928;4
DELETE;7568
UPDATE;3522;1924;7
UPDATE;7358;9560;7
UPDATE;4354;2061;4
DELETE;7606
UPDATE;6343;9893;3
ADD;7016;6
UPDATE;756;4370;0
UPDATE;211;8593;4
ADD;3076;1
ADD;3013;3
DELETE;4901
UPDATE;4244;5765;2
DELETE;7930
ADD;4073;1
ADD;6711;6
ADD;7891;1
ADD;3021;5
ADD;3738;0
UPDATE;9354;1446;3
UPDATE;4192;2981;6
UPDATE;7259;5741;7
UPDATE;2196;3765;7
ADD;7420;3
DELETE;7141
ADD;4079;0
ADD;9783;3
UPDATE;8457;8628;2
ADD;5331;4
DELETE;5665
DELETE;2515
UPDATE;654;1548;4
DELETE;6595
UPDATE;5172;7599;0
UPDATE;811;6254;3
UPDATE;2231;9047;7
DELETE;656
DELETE;6332
UPDATE;4145;5215;7
ADD;5940;6
DELETE;7447
DELETE;4988
ADD;6963;1
ADD;9180;4
UPDATE;2318;5759;4
DELETE;4102
DELETE;5878
DELETE;38
ADD;3749;3
DELETE;6811
DELETE;684
UPDATE;486;2026;2
ADD;4750;5
ADD;4513;6
DELETE;1928
UPDATE;5827;4444;3
UPDATE;2339;4469;3
ADD;6189;0
UPDATE;7984;8059;7
DELETE;8266
DELETE;4200
UPDATE;9225;5600;5
ADD;1888;1
DELETE;8853
DELETE;817
DELETE;2254
UPDATE;4529;7144;0
DELETE;2654
UPDATE;4815;3254;7
UPDATE;2123;8615;7
UPDATE;3873;2903;6
ADD;3998;3
DELETE;2750
ADD;5555;2
DELETE;3675
ADD;7941;2
ADD;2789;6
ADD;4898;4
ADD;5603;3
ADD;1900;6
DELETE;7853
ADD;3086;0
ADD;2471;1
UPDATE;1139;8429;6
UPDATE;8162;5098;7
ADD;1656;3
DELETE;990
ADD;8735;0
ADD;2718;2
UPDATE;4089;3307;5
DELETE;6737
UPDATE;7212;8970;3
UPDATE;3162;9248;0
UPDATE;9841;7474;4
ADD;1867;1
UPDATE;5351;9910;5
ADD;5307;0
UPDATE;6621;1149;2
UPDATE;4631;6296;5
UPDATE;1734;6312;2
DELETE;1555
ADD;1652;2
DELETE;8545
UPDATE;2028;7245;2
DELETE;6021
ADD;6232;6
UPDATE;6296;3896;5
ADD;3648;4
DELETE;9792
UPDATE;2646;4276;7
ADD;2369;0
DELETE;1449
UPDATE;8174;2782;7
UPDATE;5630;7852;7
DELETE;9258
UPDATE;2041;8352;6
ADD;7845;6
UPDATE;9571;1486;3
ADD;7724;2
UPDATE;1411;8922;4
ADD;2285;5
DELETE;5357
DELETE;2214
UPDATE;6262;6190;4
DELETE;7233
UPDATE;6961;2901;0
UPDATE;4989;4594;5
ADD;7249;7
UPDATE;4980;3213;2
DELETE;9746
UPDATE;6599;7008;7
DELETE;6548
ADD;9994;7
UPDATE;2097;9330;3
ADD;3657;6
ADD;4364;7
UPDATE;8852;1872;0
ADD;1378;2
ADD;1412;3
DELETE;331
ADD;3897;1
ADD;8475;0
DELETE;5804
DELETE;1798
DELETE;777
UPDATE;9050;9488;2
UPDATE;6527;4632;5
ADD;4424;2
ADD;1165;1
DELETE;2342
DELETE;8030
DELETE;1811
UPDATE;3296;6826;6
DELETE;5679
UPDATE;4497;1128;3
ADD;5927;6
ADD;6427;4
DELETE;1092
UPDATE;2659;7137;5
UPDATE;1440;5740;3
ADD;3157;0
UPDATE;6382;3040;6
UPDATE;3625;3312;2
ADD;1237;3
DELETE;7327
UPDATE;5932;2015;4
ADD;8939;2
UPDATE;7458;7476;3
UPDATE;558;3905;6
UPDATE;648;1008;0
UPDATE;1164;7052;4
DELETE;6286
DELETE;4947
DELETE;8242
ADD;6914;1
UPDATE;3889;6663;3
ADD;6061;2
ADD;5952;6
DELETE;5085
ADD;2576;1
UPDATE;4316;5725;7
ADD;8371;2
UPDATE;4205;6412;4
ADD;1117;4
ADD;3578;7
ADD;8848;0
ADD;7159;2
DELETE;6240
DELETE;7011
DELETE;7542
ADD;5714;4
ADD;1927;3
DELETE;5854
DELETE;1377
UPDATE;2835;4202;5
ADD;6830;6
UPDATE;5037;1701;0
DELETE;882
UPDATE;2279;2601;0
DELETE;8774
UPDATE;8732;6929;6
DELETE;5494
ADD;5570;4
ADD;7701;2
DELETE;3808
ADD;7416;3
UPDATE;9014;4211;1
UPDATE;473;7783;4
UPDATE;3629;3575;1
UPDATE;853;9545;2
DELETE;3821
UPDATE;5691;1686;3
DELETE;1998
DELETE;1975
UPDATE;521;8259;2
DELETE;6792
ADD;4606;2
UPDATE;309;2897;2
ADD;7298;3
DELETE;689
ADD;1958;7
ADD;5425;4
UPDATE;6476;5602;5
UPDATE;1093;5146;0
ADD;5514;5
DELETE;9880
UPDATE;6613;8169;1
ADD;6263;2
ADD;8057;7
UPDATE;4019;2590;1
UPDATE;4029;7088;2
ADD;3695;2
UPDATE;9791;2683;7
UPDATE;5932;8672;7
ADD;2880;5
UPDATE;3727;9501;2
DELETE;9492
DELETE;1846
UPDATE;9254;5633;2
UPDATE;8058;5362;6
UPDATE;2907;5945;3
DELETE;7186
DELETE;2351
DELETE;10
DELETE;7800
UPDATE;7144;5187;3
UPDATE;1241;1111;7
DELETE;8969
UPDATE;4076;7619;3
UPDATE;9675;9732;3
ADD;1716;0
ADD;9836;3
DELETE;5180
ADD;5214;0
DELETE;7944
UPDATE;1736;9230;2
ADD;7477;3
ADD;7695;7
DELETE;6425
DELETE;1988
UPDATE;2038;2483;4
ADD;6400;6
UPDATE;7750;1810;2
UPDATE;4894;6456;5
ADD;2994;4
UPDATE;7100;2529;5
ADD;3571;4
DELETE;2796
ADD;8134;1
UPDATE;1849;2599;1
DELETE;4302
DELETE;9607
UPDATE;5036;8713;4
DELETE;7579
ADD;9429;6
ADD;8165;2
UPDATE;3711;6795;2
DELETE;4613
DELETE;8201
DELETE;6214
ADD;5186;3
UPDATE;760;4368;0
DELETE;1940
UPDATE;808;4954;1
UPDATE;2240;7115;7
ADD;6944;1
ADD;8899;7
ADD;5891;3
DELETE;1359
DELETE;8453
UPDATE;5577;5229;1
DELETE;2204
UPDATE;9403;2445;4
UPDATE;3540;8459;3
ADD;5518;4
ADD;2566;3
ADD;9314;1
DELETE;3263
UPDATE;6295;2901;6
ADD;7227;2
ADD;6557;4
ADD;8766;2
ADD;2309;3
DELETE;9852
ADD;9959;2
ADD;9498;4
ADD;3207;5
ADD;7764;3
DELETE;9497
UPDATE;364;6373;5
DELETE;3337
ADD;6641;2
ADD;9787;2
ADD;8603;7
ADD;7485;5
DELETE;946
DELETE;8637
UPDATE;4523;8068;1
UPDATE;8084;6921;6
ADD;3809;1
UPDATE;741;7570;2
UPDATE;5721;8460;1
DELETE;2689
DELETE;5152
ADD;8139;0
UPDATE;4705;6459;4
ADD;9347;6
UPDATE;7104;7589;7
DELETE;974
UPDATE;3066;5376;4
UPDATE;9106;1511;3
ADD;4311;5
DELETE;790
ADD;3669;6
ADD;3076;7
ADD;1633;7
UPDATE;6612;4351;4
UPDATE;9666;4683;3
ADD;3066;2
ADD;4369;4
ADD;6139;4
UPDATE;790;5000;1
ADD;9571;4
UPDATE;51;8592;4
ADD;7336;0
UPDATE;8203;7198;6
ADD;3484;4
DELETE;287
ADD;8578;3
ADD;1205;2
DELETE;8901
ADD;1794;0
UPDATE;6279;4858;2
DELETE;3616
UPDATE;7746;7651;5
ADD;9846;6
ADD;9334;3
DELETE;6325
UPDATE;744;6405;7
DELETE;4987
DELETE;2967
UPDATE;6136;8387;5
ADD;6798;4
UPDATE;7994;9690;6
DELETE;1514
ADD;1051;6
ADD;3719;4
ADD;8198;4
ADD;3309;2
UPDATE;3405;5622;3
DELETE;6100
DELETE;858
UPDATE;1572;9426;0
UPDATE;6170;8217;3
UPDATE;1738;9284;2
UPDATE;5595;1972;0
UPDATE;6685;8820;5
UPDATE;6133;8221;0
DELETE;8860
DELETE;966
ADD;8074;0
UPDATE;5703;2337;3
DELETE;2835
ADD;5341;6
DELETE;9061
ADD;6558;3
ADD;2905;3
ADD;9030;6
ADD;8630;2
DELETE;7324
UPDATE;6002;8724;7
DELETE;6177
ADD;6623;1
UPDATE;7297;8387;5
ADD;6564;5
DELETE;6146
ADD;2468;7
ADD;9919;3
ADD;3325;7
ADD;4575;3
UPDATE;388;7751;0
UPDATE;7246;4321;5
DELETE;5065
ADD;8593;3
UPDATE;1798;5177;2
ADD;4396;5
ADD;5713;2
UPDATE;5741;8706;7
ADD;5893;0
ADD;8236;3
UPDATE;8967;4969;5
ADD;5380;2
DELETE;4995
UPDATE;3974;6778;4
UPDATE;3663;2735;0
ADD;3150;3
UPDATE;583;9193;2
ADD;6274;0
ADD;6698;0
ADD;3854;7
DELETE;1536
ADD;4356;1
UPDATE;9540;4259;1
ADD;9107;6
DELETE;8840
ADD;3446;4
DELETE;889
DELETE;4842
UPDATE;4292;5918;2
ADD;9107;3
UPDATE;5109;8981;7
DELETE;4371
UPDATE;8417;4424;3
ADD;7407;6
UPDATE;407;4691;4
UPDATE;9029;2594;1
ADD;6590;1
ADD;1879;3
UPDATE;120;5544;0
DELETE;1550
DELETE;4740
DELETE;3770
ADD;7681;3
ADD;9093;4
DELETE;99
UPDATE;6374;4321;7
ADD;2837;6
ADD;7259;1
DELETE;6334
ADD;9689;1
DELETE;9079
ADD;1134;2
DELETE;7261
ADD;7916;1
UPDATE;9974;9234;6
UPDATE;454;4835;0
UPDATE;751;5790;6
ADD;3183;3
UPDATE;7691;3342;1
DELETE;2081
UPDATE;2622;7224;4
DELETE;6939
DELETE;6681
DELETE;4577
ADD;5443;6
ADD;7521;3
UPDATE;4807;3301;1
UPDATE;5813;5075;4
ADD;6237;2
UPDATE;998;8336;6
UPDATE;9918;4725;5
DELETE;1522
DELETE;1155
UPDATE;4362;2549;2
UPDATE;9824;9993;5
UPDATE;646;7765;7
UPDATE;1147;5077;7
ADD;5621;7
DELETE;8983
ADD;6474;2
UPDATE;4663;6069;3
DELETE;3256
ADD;9815;2
ADD;1263;5
DELETE;7552
UPDATE;1006;1894;0
UPDATE;8535;7676;6
UPDATE;6811;7341;5
UPDATE;6268;7331;1
ADD;8228;6
DELETE;2095
UPDATE;9215;3143;5
UPDATE;139;7470;6
DELETE;9659
DELETE;6574
UPDATE;9212;7250;2
UPDATE;4681;6259;0
UPDATE;8146;1048;2
ADD;9032;3
ADD;5967;1
UPDATE;3441;7940;0
ADD;3231;0
DELETE;4242
ADD;8805;0
UPDATE;313;5315;2
DELETE;3382
UPDATE;4558;9013;5
DELETE;2983
DELETE;2593
ADD;8121;2
UPDATE;1271;4996;0
UPDATE;2051;8534;3
UPDATE;3863;3242;2
ADD;8544;4
ADD;1574;7
DELETE;2017
ADD;5070;0
DELETE;8813
UPDATE;5291;3947;0
UPDATE;3331;3810;7
DELETE;3173
ADD;6897;5
UPDATE;8513;8423;4
UPDATE;4554;3671;3
ADD;2835;2
UPDATE;3856;8655;2
UPDATE;3380;1314;4
DELETE;2464
UPDATE;9214;9057;2
UPDATE;7439;4636;6
DELETE;3558
ADD;7864;6
ADD;8427;7
ADD;7862;3
ADD;6820;2
UPDATE;7572;1667;6
ADD;5665;2
UPDATE;1108;7086;7
DELETE;9404
UPDATE;9414;5838;7
ADD;4313;4
UPDATE;8358;2774;6
DELETE;7404
DELETE;7318
UPDATE;1476;1094;3
UPDATE;6855;7020;4
UPDATE;9142;7642;1
UPDATE;6160;3643;4
DELETE;9537
ADD;5775;6
UPDATE;9153;3835;3
ADD;1149;4
DELETE;8885
ADD;1576;5
UPDATE;8085;3460;3
DELETE;2324
ADD;1465;2
UPDATE;1107;2330;0
ADD;8916;1
ADD;8101;4
ADD;6625;3
UPDATE;2058;6193;1
ADD;6593;5
ADD;6197;7
UPDATE;2532;8752;6
DELETE;2397
ADD;9235;4
DELETE;4146
UPDATE;1988;7970;5
DELETE;7565
ADD;9096;5
ADD;1821;7
ADD;3079;7
DELETE;2219
ADD;6005;1
ADD;6226;7
UPDATE;8653;4988;1
UPDATE;5071;3775;0
ADD;6147;3
UPDATE;1212;6120;0
UPDATE;6931;1379;6
ADD;2641;7
DELETE;9319
DELETE;2384
UPDATE;4455;2209;3
ADD;5301;7
UPDATE;2311;4408;0
UPDATE;4706;5882;7
ADD;4731;6
DELETE;528
DELETE;39
DELETE;5129
UPDATE;3566;9626;3
ADD;2565;7
DELETE;5938
ADD;4962;2
DELETE;8903
ADD;4786;4
DELETE;3076
ADD;8995;2
UPDATE;2013;8133;3
UPDATE;3490;7632;5
ADD;2775;3
UPDATE;9976;3991;7
DELETE;1260
UPDATE;2302;5775;7
UPDATE;4396;4592;4
ADD;6582;0
DELETE;1187
ADD;2132;0
DELETE;2049
ADD;2664;0
ADD;6929;6
DELETE;3775
UPDATE;4692;7031;0
ADD;3743;5
DELETE;9063
ADD;5140;7
UPDATE;794;4038;5
DELETE;7797
DELETE;7464
ADD;1379;3
ADD;1208;4
UPDATE;5255;2344;7
UPDATE;8432;6444;4
UPDATE;6681;7020;1
DELETE;9179
DELETE;8079
ADD;8295;4
DELETE;4687
DELETE;3498
UPDATE;4511;8769;3
DELETE;5811
UPDATE;6327;5425;4
ADD;1544;5
UPDATE;1240;7293;2
ADD;9442;7
ADD;2803;6
UPDATE;2613;4826;7
ADD;4459;4
UPDATE;2900;2113;1
ADD;9897;6
ADD;4720;0
DELETE;6712
UPDATE;8047;1181;5
DELETE;416
DELETE;1196
ADD;5525;2
UPDATE;6979;7145;3
DELETE;9339
ADD;4511;6
ADD;4592;4
ADD;5808;3
DELETE;38
ADD;1480;5
ADD;5448;2
ADD;9952;7
DELETE;1043
DELETE;6450
DELETE;718
ADD;5817;4
DELETE;4158
ADD;8993;4
DELETE;7479
DELETE;8734
DELETE;9423
DELETE;163
ADD;8642;6
UPDATE;8150;6296;0
ADD;2759;1
DELETE;3348
ADD;6226;3
ADD;4985;5
DELETE;8669
ADD;7842;2
ADD;1472;6
ADD;2127;1
DELETE;7186
DELETE;525
ADD;3815;5
DELETE;6635
DELETE;7459
ADD;7953;4
UPDATE;2471;7396;2
DELETE;5991
UPDATE;5688;3897;0
DELETE;7998
DELETE;9127
UPDATE;9296;4500;5
DELETE;5253
UPDATE;791;6051;2
DELETE;1796
DELETE;9548
UPDATE;4233;9676;3
ADD;6535;0
ADD;4184;0
UPDATE;6097;8433;3
UPDATE;5119;6465;3
DELETE;3030
DELETE;7316
ADD;6210;7
DELETE;8101
UPDATE;4695;1366;2
ADD;1732;1
ADD;9593;1
ADD;6743;3
ADD;3826;4
UPDATE;1245;4385;3
UPDATE;559;3779;6
DELETE;7520
ADD;6199;5
ADD;4056;3
UPDATE;4080;3741;1
ADD;8124;1
DELETE;2013
ADD;6794;0
ADD;5289;2
UPDATE;13;4743;0
ADD;1021;4
DELETE;5933
UPDATE;9494;8857;4
UPDATE;328;9813;4
UPDATE;2826;5587;3
ADD;5677;7
ADD;4634;4
DELETE;8697
UPDATE;6279;5347;6
ADD;9693;5
ADD;1287;5
UPDATE;7989;6562;4
DELETE;6606
UPDATE;2623;3980;0
ADD;2663;3
ADD;8691;7
ADD;5806;3
UPDATE;8825;3109;0
ADD;2643;0
DELETE;9545
DELETE;5714
ADD;7780;7
DELETE;4915
UPDATE;2182;2368;4
UPDATE;5928;3647;5
UPDATE;7931;3315;4
ADD;1627;7
DELETE;4516
UPDATE;7513;3471;0
DELETE;5549
UPDATE;4154;8607;3
ADD;1562;3
UPDATE;3356;6366;4
DELETE;9114
DELETE;9031
DELETE;8554
DELETE;7733
DELETE;8821
DELETE;7063
UPDATE;4613;4262;6
ADD;6001;6
ADD;1107;3
UPDATE;4410;5943;7
DELETE;5288
ADD;9397;5
ADD;6195;3
DELETE;3501
ADD;4138;0
ADD;7955;5
DELETE;4332
ADD;6398;3
ADD;7364;3
ADD;4277;4
ADD;6861;0
DELETE;7215
ADD;7701;3
ADD;8903;5
UPDATE;6496;4918;7
UPDATE;4028;7637;7
ADD;7916;5
UPDATE;1742;1652;0
DELETE;5816
DELETE;2819
ADD;3758;2
DELETE;735
UPDATE;9887;7106;0
DELETE;7175
DELETE;2472
DELETE;3419
ADD;3318;1
ADD;1699;5
UPDATE;5970;8984;0
UPDATE;7993;7503;3
DELETE;8658
ADD;7528;7
DELETE;4620
ADD;9533;4
UPDATE;3637;8150;6
UPDATE;4477;5155;7
UPDATE;6690;9227;5
DELETE;9560
ADD;3169;3
DELETE;8129
DELETE;1756
DELETE;4624
UPDATE;6168;6715;1
UPDATE;8307;3056;3
ADD;5652;5
DELETE;7867
DELETE;18
ADD;6782;0
ADD;6118;2
ADD;8763;3
ADD;5176;4
DELETE;8976
UPDATE;9943;5947;1
DELETE;2380
UPDATE;3450;1370;2
ADD;9733;7
DELETE;9629
ADD;6045;7
UPDATE;2520;9880;3
DELETE;9507
UPDATE;7242;1909;6
UPDATE;2318;5415;4
DELETE;3940
DELETE;9200
DELETE;4606
UPDATE;7442;3476;3
UPDATE;652;5439;3
DELETE;660
ADD;6809;5
DELETE;7491
DELETE;4064
ADD;4251;0
DELETE;3134
ADD;7300;4
ADD;1048;4
UPDATE;9531;6902;7
UPDATE;5201;2689;4
DELETE;6108
ADD;8928;0
UPDATE;1296;3078;3
DELETE;948
ADD;2156;1
UPDATE;2891;1453;1
ADD;4314;2
UPDATE;6916;4812;7
DELETE;7384
ADD;7876;4
ADD;6605;5
UPDATE;1918;1390;7
ADD;7752;0
DELETE;3982
DELETE;5503
DELETE;371
UPDATE;3322;1902;6
UPDATE;982;8874;4
UPDATE;4997;7322;7
UPDATE;2951;5007;3
DELETE;2045
ADD;5637;3
DELETE;8276
DELETE;2944
ADD;6425;6
DELETE;5666
UPDATE;9443;5972;2
DELETE;6072
ADD;6838;2
UPDATE;7567;3775;3
UPDATE;4101;8280;3
UPDATE;7009;7401;0
DELETE;1139
UPDATE;1303;2859;5
ADD;9591;5
ADD;2983;3
UPDATE;4922;8438;3
UPDATE;1718;5173;1
UPDATE;1453;6421;5
DELETE;8899
ADD;3523;5
ADD;2085;4
UPDATE;9561;5176;2
DELETE;8230
DELETE;6440
DELETE;8444
DELETE;7088
DELETE;513
ADD;3235;1
ADD;6941;3
DELETE;2588
UPDATE;9757;2386;3
ADD;7693;4
UPDATE;4735;8225;6
DELETE;5119
UPDATE;9819;2188;1
UPDATE;68;4840;4
DELETE;8792
UPDATE;5766;3835;7
DELETE;2549
ADD;9931;0
DELETE;2718
UPDATE;3060;7760;2
UPDATE;5873;9545;1
ADD;8427;4
DELETE;701
UPDATE;2063;7865;0
DELETE;9886
UPDATE;2874;9322;1
DELETE;1403
ADD;2161;1
DELETE;6300
DELETE;6273
UPDATE;8110;9377;3
UPDATE;3354;6116;3
ADD;9487;0
DELETE;6607
DELETE;8373
UPDATE;4784;2432;5
ADD;5170;0
UPDATE;3632;3730;3
DELETE;1989
DELETE;2930
ADD;4583;0
ADD;1107;7
DELETE;3241
ADD;4363;5
DELETE;6286
ADD;2920;0
ADD;8763;3
UPDATE;824;2550;6
ADD;4282;0
ADD;2431;3
ADD;9818;7
UPDATE;6109;5337;4
UPDATE;3931;3325;6
ADD;9799;0
DELETE;898
ADD;5952;4
UPDATE;3846;1002;5
ADD;1998;0
ADD;9581;5
DELETE;8677
ADD;5468;0
UPDATE;6774;4517;2
UPDATE;3627;4981;1
UPDATE;186;1614;3
DELETE;4298
DELETE;8115
ADD;1191;7
ADD;7167;1
DELETE;7504
DELETE;5199
DELETE;3794
DELETE;528
DELETE;9325
UPDATE;3744;9955;1
ADD;5157;7
DELETE;1656
ADD;3352;6
ADD;9482;0
ADD;1139;1
DELETE;8500
UPDATE;751;2518;5
UPDATE;1515;8161;5
DELETE;3325
UPDATE;8999;3726;2
UPDATE;8589;5529;5
UPDATE;3705;9906;2
UPDATE;1997;9842;0
ADD;8185;7
ADD;7616;0
UPDATE;9177;7838;5
UPDATE;790;9684;0
UPDATE;9697;9999;6
UPDATE;860;5958;1
DELETE;6243
DELETE;4101
UPDATE;5790;1694;3
DELETE;7599
DELETE;9817
UPDATE;1576;6203;0
UPDATE;8485;7809;4
DELETE;7677
DELETE;8969
UPDATE;4106;1201;7
DELETE;8165
UPDATE;5955;9135;3
DELETE;8154
ADD;5023;5
ADD;9025;2
DELETE;5902
UPDATE;3822;2231;2
DELETE;1035
ADD;2342;1
ADD;4868;0
DELETE;1971
DELETE;9589
UPDATE;4264;7641;7
UPDATE;7830;6365;0
ADD;2527;7
ADD;7149;4
ADD;2800;1
DELETE;2974
ADD;1556;5
DELETE;1096
UPDATE;7722;4111;2
ADD;4356;3
ADD;5016;5
ADD;2936;2
DELETE;6621
DELETE;1005
ADD;6098;7
ADD;7823;5
DELETE;7163
ADD;6406;5
ADD;7576;0
UPDATE;1747;2982;5
ADD;2770;5
DELETE;1499
UPDATE;613;6135;3
UPDATE;7902;6629;2
DELETE;4670
ADD;4611;5
UPDATE;965;2668;7
UPDATE;8378;6539;7
ADD;1209;5
UPDATE;2026;6070;7
DELETE;5463
DELETE;7159
DELETE;4653
UPDATE;4016;9422;6
UPDATE;1347;7562;6
ADD;8309;7
ADD;3293;5
ADD;5648;5
UPDATE;1303;7391;0
UPDATE;8719;3296;1
ADD;3399;3
UPDATE;4581;4532;4
UPDATE;1050;3410;7
ADD;2709;4
DELETE;2545
ADD;8334;3
UPDATE;449;4927;7
UPDATE;754;5036;1
UPDATE;8427;1882;0
DELETE;8422
ADD;6036;4
UPDATE;2955;6910;4
UPDATE;6140;4708;1
ADD;9128;1
ADD;3225;4
UPDATE;6497;2832;3
ADD;5593;5
DELETE;8012
UPDATE;69;5497;4
ADD;1355;4
UPDATE;6505;5267;6
ADD;2453;1
UPDATE;326;3203;5
UPDATE;7702;8478;6
DELETE;5489
DELETE;674
UPDATE;2102;2689;5
DELETE;7087
DELETE;7032
DELETE;1765
UPDATE;2900;3301;1
ADD;3379;5
UPDATE;897;7686;3
DELETE;4663
ADD;3942;3
DELETE;6110
ADD;6119;5
DELETE;3928
ADD;8988;3
DELETE;8960
UPDATE;7657;5673;7
UPDATE;3123;7274;7
UPDATE;9971;5899;7
ADD;4517;1
DELETE;9875
DELETE;8971
DELETE;7416
DELETE;5943
UPDATE;1030;8470;7
UPDATE;4777;5242;3
UPDATE;4889;8536;1
UPDATE;3807;2698;0
ADD;7230;1
ADD;8521;3
DELETE;2427
DELETE;9618
UPDATE;1868;6187;6
UPDATE;2323;5911;1
ADD;6849;2
DELETE;5108
ADD;9270;1
DELETE;8406
ADD;4125;6
DELETE;4609
DELETE;2291
UPDATE;8997;9899;3
ADD;1280;2
DELETE;5094
ADD;2801;4
DELETE;9311
ADD;9504;1
DELETE;5171
ADD;9795;1
ADD;4183;1
UPDATE;6747;7669;0
DELETE;576
UPDATE;8234;2207;3
DELETE;7475
UPDATE;451;9301;6
ADD;7344;2
ADD;5740;0
DELETE;8243
DELETE;2244
ADD;9678;1
DELETE;792
ADD;1209;6
ADD;1336;6
UPDATE;4398;6261;6
ADD;7445;6
ADD;7481;4
ADD;3611;2
UPDATE;935;6118;6
ADD;2258;4
UPDATE;3292;6247;0
UPDATE;5122;5570;7
UPDATE;189;3748;2
DELETE;3586
UPDATE;8526;2154;6
DELETE;7318
DELETE;9835
DELETE;7998
UPDATE;5924;8124;2
DELETE;2629
ADD;9867;4
DELETE;8143
ADD;6101;5
UPDATE;8997;5871;1
UPDATE;4059;6396;4
DELETE;3522
DELETE;6882
DELETE;8187
DELETE;7883
ADD;1523;1
UPDATE;2235;6133;4
ADD;5973;1
UPDATE;1506;3735;3
ADD;1504;3
ADD;3363;7
DELETE;4223
UPDATE;2835;4403;7
UPDATE;2974;8458;1
UPDATE;9526;4504;6
ADD;3368;4
ADD;4638;5
ADD;1572;3
UPDATE;4626;1422;7
DELETE;3948
ADD;7744;6
ADD;2073;3
ADD;4500;0
UPDATE;8446;7068;1
DELETE;3192
UPDATE;357;4252;4
UPDATE;4853;4104;5
UPDATE;128;6212;5
DELETE;1005
DELETE;2023
UPDATE;3468;4860;6
ADD;4123;5
ADD;2699;1
DELETE;9067
DELETE;7016
ADD;6626;5
UPDATE;16;5245;7
DELETE;9980
UPDATE;6121;3178;6
UPDATE;8200;8789;7
ADD;7996;7
ADD;2903;7
UPDATE;5048;5796;2
UPDATE;1316;6855;4
DELETE;951
ADD;3104;3
ADD;4427;2
ADD;3378;1
UPDATE;2964;4966;6
DELETE;9729
UPDATE;6189;5788;7
UPDATE;5184;1614;1
DELETE;1138
ADD;1147;3
ADD;8349;0
DELETE;5166
DELETE;1113
UPDATE;2835;2324;6
UPDATE;6524;3628;0
ADD;7719;1
UPDATE;8744;3233;2
UPDATE;4612;1277;1
ADD;8391;5
ADD;2543;2
ADD;8870;7
DELETE;6964
DELETE;4521
DELETE;1423
UPDATE;1750;1838;6
ADD;9373;4
UPDATE;8256;9272;2
DELETE;9646
DELETE;9591
UPDATE;7157;5961;4
ADD;4112;5
DELETE;4080
UPDATE;7028;9419;3
ADD;4081;4
UPDATE;754;3477;7
ADD;6411;3
ADD;9160;6
DELETE;1737
UPDATE;9407;5502;2
UPDATE;867;9526;5
DELETE;8972
DELETE;3056
UPDATE;3521;4118;3
DELETE;6660
UPDATE;9623;6754;2
ADD;8588;3
UPDATE;9284;5082;7
DELETE;343
ADD;6387;2
DELETE;4209
UPDATE;5513;6232;4
ADD;8649;3
UPDATE;2813;6999;2
DELETE;8129
UPDATE;8949;9635;0
UPDATE;2223;2927;7
ADD;2083;0
UPDATE;2033;9016;7
ADD;6652;1
UPDATE;2707;5597;5
DELETE;3377
UPDATE;6466;5833;6
UPDATE;6089;7235;2
UPDATE;5584;2890;1
ADD;9149;5
ADD;7768;7
UPDATE;6303;8956;6
DELETE;7986
DELETE;4856
ADD;5268;3
DELETE;7460
DELETE;2862
DELETE;9749
DELETE;9599
UPDATE;162;9565;2
DELETE;8281
DELETE;2729
UPDATE;8487;2651;4
DELETE;2902
UPDATE;5327;5537;6
DELETE;4478
ADD;4580;2
ADD;3800;3
UPDATE;7088;1550;2
ADD;2202;1
UPDATE;7843;2986;5
UPDATE;5920;3668;3
DELETE;448
DELETE;2871
UPDATE;7711;6021;2
DELETE;3240
UPDATE;9491;1863;7
UPDATE;612;7400;7
DELETE;6053
UPDATE;1377;7408;6
ADD;1101;7
DELETE;2991
DELETE;4333
ADD;7875;0
ADD;9685;0
UPDATE;6133;9849;2
UPDATE;1566;7696;5
UPDATE;613;8631;7
DELETE;796
ADD;5424;3
UPDATE;8131;3591;7
DELETE;5644
UPDATE;4248;1920;4
DELETE;1802
UPDATE;4770;8697;1
UPDATE;4053;5946;4
DELETE;7503
DELETE;5727
ADD;4686;3
DELETE;4226
UPDATE;391;2225;7
DELETE;8225
UPDATE;3715;2391;6
UPDATE;179;8747;2
ADD;2611;1
ADD;7476;2
UPDATE;9845;8993;6
UPDATE;5004;8002;6
ADD;9162;7
ADD;9552;3
ADD;1846;2
UPDATE;7206;6897;0
DELETE;195
ADD;3208;1
DELETE;7191
UPDATE;6899;4942;5
UPDATE;9632;5000;4
UPDATE;6956;4131;0
UPDATE;4852;4807;1
ADD;8257;0
UPDATE;3033;2714;5
UPDATE;2515;1782;5
ADD;3254;5
DELETE;5776
ADD;8168;6
DELETE;1910
ADD;2638;7
UPDATE;5584;1154;7
ADD;5532;4
DELETE;7675
UPDATE;8093;7054;1
ADD;5720;1
DELETE;2775
DELETE;1882
DELETE;7272
DELETE;2708
ADD;2432;1
DELETE;3993
UPDATE;7244;6100;0
UPDATE;2892;6577;7
UPDATE;9711;2940;1
ADD;4563;0
UPDATE;5711;8537;6
UPDATE;8109;6913;6
UPDATE;3797;1727;3
ADD;3081;0
DELETE;3249
UPDATE;9478;6153;5
ADD;1016;6
ADD;1466;6
UPDATE;9515;6577;2
ADD;4182;3
ADD;5058;7
DELETE;7949
ADD;2907;2
DELETE;9824
ADD;1429;7
ADD;7293;6
ADD;5111;3
DELETE;5774
UPDATE;531;2773;3
ADD;6911;7
DELETE;6512
DELETE;3332
DELETE;2276
DELETE;3574
DELETE;3120
UPDATE;8662;7803;0
ADD;7390;2
ADD;1137;3
ADD;5613;7
UPDATE;4135;7835;3
UPDATE;8741;4071;4
DELETE;9045
DELETE;4842
DELETE;21
DELETE;3243
UPDATE;7225;8180;3
ADD;2992;0
DELETE;3617
UPDATE;7351;1953;1
DELETE;7064
DELETE;7880
DELETE;5353
ADD;9026;6
ADD;6674;1
ADD;5756;3
UPDATE;265;1879;7
ADD;4990;4
UPDATE;3140;8151;7
DELETE;895
ADD;8536;4
ADD;4793;2
ADD;7628;0
DELETE;6734
ADD;5964;1
DELETE;4989
DELETE;4899
UPDATE;7888;3557;3
UPDATE;1867;4232;4
UPDATE;2077;5453;7
UPDATE;9319;5653;5
DELETE;9675
UPDATE;6458;2970;3
DELETE;8306
UPDATE;2974;1969;1
DELETE;822
DELETE;3505
DELETE;9135
UPDATE;6279;5554;6
DELETE;9250
DELETE;1740
DELETE;4977
UPDATE;4081;3768;7
UPDATE;3867;5982;2
ADD;2925;7
UPDATE;9950;4843;4
UPDATE;3150;9037;5
ADD;1387;6
DELETE;5579
DELETE;8528
UPDATE;2401;8660;0
UPDATE;1792;1242;5
ADD;8190;2
DELETE;1789
ADD;1147;7
ADD;8791;2
DELETE;7301
ADD;8739;1
ADD;5421;6
UPDATE;9518;7640;4
ADD;2702;7
DELETE;9230
ADD;3361;5
DELETE;8149
ADD;4135;5
DELETE;9009
ADD;1881;6
ADD;4509;6
DELETE;2301
UPDATE;1337;9139;5
DELETE;4801
ADD;5807;1
ADD;9699;7
UPDATE;2491;2990;6
DELETE;5718
ADD;1980;7
DELETE;6840
UPDATE;9635;4827;0
UPDATE;4727;8016;2
UPDATE;6941;1418;0
DELETE;2684
UPDATE;5561;3344;1
ADD;3142;3
UPDATE;7036;4961;6
DELETE;7362
DELETE;4700
ADD;9638;3
UPDATE;8223;8704;3
DELETE;919
DELETE;8214
UPDATE;363;2307;4
DELETE;9927
UPDATE;9878;9210;0
UPDATE;8764;2591;4
DELETE;7742
ADD;9067;3
DELETE;5533
UPDATE;9798;3403;4
DELETE;7365
UPDATE;2509;8471;6
UPDATE;8054;6385;1
ADD;6153;6
DELETE;1451
ADD;1570;3
DELETE;8000
DELETE;2447
UPDATE;4066;4507;7
UPDATE;1901;1272;4
ADD;3374;1
UPDATE;3057;8684;1
ADD;2633;5
UPDATE;2814;9126;7
UPDATE;1336;2728;0
UPDATE;5340;8030;0
ADD;5195;2
UPDATE;4064;1361;0
DELETE;454
UPDATE;8083;3970;4
DELETE;4952
UPDATE;1297;3870;2
DELETE;8385
UPDATE;8211;4994;3
UPDATE;743;4693;5
ADD;3656;5
ADD;4947;6
DELETE;5897
DELETE;6722
ADD;8777;6
DELETE;6030
UPDATE;4528;7565;0
UPDATE;4642;8677;2
UPDATE;3050;5185;7
ADD;7456;7
DELETE;4266
ADD;9571;2
UPDATE;3647;8161;5
ADD;2217;5
ADD;4123;7
DELETE;9688
ADD;1044;3
ADD;1397;1
UPDATE;1840;9032;0
DELETE;5624
DELETE;1994
UPDATE;7063;9987;4
UPDATE;9402;2426;2
DELETE;4955
ADD;2054;1
ADD;6159;1
UPDATE;4929;6710;1
DELETE;8343
DELETE;8210
ADD;1671;3
ADD;1196;3
DELETE;7201
DELETE;8534
ADD;1258;5
DELETE;267
ADD;4144;5
UPDATE;8758;6707;4
DELETE;1124
UPDATE;4189;3122;4
ADD;4017;5
DELETE;6771
DELETE;8452
UPDATE;1210;2253;5
ADD;2043;3
DELETE;2369
ADD;1916;4
DELETE;8413
DELETE;7225
DELETE;8341
UPDATE;1506;1851;7
DELETE;4456
DELETE;1295
UPDATE;7634;6100;0
DELETE;3401
ADD;6198;7
DELETE;7065
UPDATE;8693;5155;6
UPDATE;9981;2771;6
ADD;4359;5
ADD;8609;4
DELETE;1536
DELETE;4703
UPDATE;2667;2478;5
UPDATE;9936;3139;6
UPDATE;1812;2351;7
ADD;4940;1
UPDATE;1752;2240;3
UPDATE;9033;1399;4
UPDATE;9406;9949;4
UPDATE;5917;2427;4
ADD;1140;2
UPDATE;293;5399;2
ADD;1968;2
DELETE;802
ADD;1811;7
ADD;5134;7
UPDATE;8053;2917;5
ADD;3076;4
ADD;4978;2
DELETE;9483
DELETE;1407
DELETE;7422
UPDATE;7785;2653;3
DELETE;7566
UPDATE;1604;4634;1
DELETE;9567
UPDATE;8341;2752;3
UPDATE;6296;4083;7
UPDATE;4532;2486;3
ADD;4921;0
ADD;7771;7
DELETE;7320
DELETE;767
DELETE;7131
UPDATE;9342;7692;4
ADD;9705;4
DELETE;6300
DELETE;9982
UPDATE;7549;5987;3
ADD;3689;5
ADD;5755;2
DELETE;8307
UPDATE;5057;1121;3
DELETE;9980
UPDATE;6577;5121;2
DELETE;6690
UPDATE;3142;6046;0
DELETE;4874
DELETE;8476
ADD;8890;2
UPDATE;8793;6969;0
ADD;2963;2
DELETE;1234
ADD;9963;2
UPDATE;6505;7158;2
DELETE;5150
ADD;1846;4
ADD;3534;2
DELETE;4874
UPDATE;9244;9097;2
DELETE;7894
DELETE;7568
DELETE;230
UPDATE;3014;4216;4
DELETE;436
ADD;9045;0
ADD;2505;6
UPDATE;2544;4052;1
UPDATE;2431;5884;7
DELETE;8218
DELETE;6598
UPDATE;6667;7827;7
DELETE;4903
UPDATE;1101;7235;5
DELETE;40
UPDATE;2610;2153;5
ADD;2545;3
ADD;8058;4
ADD;1404;0
ADD;5302;1
UPDATE;1163;9855;1
ADD;7352;6
ADD;5725;0
ADD;1951;3
DELETE;363
ADD;4552;6
UPDATE;1662;9447;5
UPDATE;7361;5218;7
ADD;6888;0
UPDATE;5150;6558;6
ADD;6026;1
ADD;8455;3
UPDATE;3916;9456;4
ADD;4723;1
UPDATE;1972;4033;2
UPDATE;7220;1796;7
ADD;6544;4
UPDATE;9423;2653;2
UPDATE;2764;6800;3
UPDATE;7130;4862;2
UPDATE;4875;5458;5
DELETE;4811
DELETE;2579
UPDATE;4548;6326;4
ADD;2970;4
ADD;7614;2
DELETE;6943
DELETE;6561
DELETE;7260
DELETE;7135
ADD;9481;3
UPDATE;8320;1493;7
ADD;5677;1
ADD;8498;1
UPDATE;1848;7145;6
UPDATE;5958;5053;0
DELETE;1508
DELETE;8185
DELETE;5384
ADD;5723;6
ADD;9556;1
ADD;1949;4
DELETE;2334
ADD;1649;1
UPDATE;9384;4830;0
DELETE;215
UPDATE;2752;3780;4
DELETE;7391
DELETE;8615
ADD;9165;5
UPDATE;7005;8890;7
DELETE;6167
UPDATE;206;8121;2
DELETE;6857
UPDATE;7942;7569;3
UPDATE;9263;3998;3
DELETE;8106
ADD;2865;0
ADD;5458;7
UPDATE;7656;1968;4
ADD;3254;3
UPDATE;226;4265;6
DELETE;2180
UPDATE;3008;7106;0
ADD;4848;4
UPDATE;5234;8886;1
ADD;4313;7
UPDATE;9723;2769;2
UPDATE;4847;4095;1
ADD;3247;2
DELETE;5537
ADD;8814;6
UPDATE;9646;4292;7
ADD;5626;7
UPDATE;3708;9556;0
UPDATE;5875;2334;3
UPDATE;9723;9692;4
DELETE;6732
UPDATE;5545;3808;7
ADD;5225;3
ADD;3807;0
DELETE;3593
UPDATE;4378;4822;2
UPDATE;1784;8208;3
UPDATE;6382;9840;4
ADD;5969;5
ADD;6834;6
UPDATE;1954;3934;0
DELETE;2360
DELETE;5706
UPDATE;8916;5864;2
UPDATE;367;3248;6
UPDATE;5992;6789;2
UPDATE;3354;7401;1
ADD;4533;3
UPDATE;8729;9117;3
UPDATE;2394;5523;2
ADD;7403;4
UPDATE;3235;1636;1
DELETE;7907
ADD;7478;5
DELETE;3916
ADD;1384;7
DELETE;6788
ADD;7976;0
ADD;8557;7
DELETE;3544
ADD;6037;0
UPDATE;505;7401;1
DELETE;8719
UPDATE;9672;1699;0
UPDATE;4448;7670;2
UPDATE;8932;6696;7
DELETE;1546
ADD;7803;7
DELETE;2997
UPDATE;8868;8110;4
ADD;5613;0
ADD;9228;7
UPDATE;6835;2704;6
ADD;6650;3
UPDATE;1707;8009;4
DELETE;9177
ADD;6488;6
ADD;3349;2
DELETE;2985
DELETE;4951
UPDATE;6158;7859;5
DELETE;93
DELETE;3933
DELETE;4293
DELETE;2980
UPDATE;6580;7102;2
UPDATE;2050;4814;6
ADD;6600;7
DELETE;1439
DELETE;1483
DELETE;8890
ADD;3602;7
ADD;2601;3
ADD;3727;1
ADD;7149;7
ADD;7093;6
UPDATE;8474;3947;5
ADD;7096;0
ADD;9265;2
UPDATE;7387;9567;1
DELETE;9868
UPDATE;3514;4697;3
DELETE;6459
DELETE;4544
DELETE;990
UPDATE;450;4099;0
UPDATE;1162;9359;2
DELETE;8452
ADD;3160;1
ADD;4134;3
ADD;6202;2
UPDATE;4212;8040;0
DELETE;3589
DELETE;6023
UPDATE;175;8178;2
ADD;9705;4
ADD;5719;0
ADD;2769;1
ADD;6737;1
ADD;9556;5
DELETE;3589
UPDATE;9795;8560;6
ADD;5668;7
UPDATE;8043;3189;0
UPDATE;8609;7327;2
ADD;3352;1
DELETE;9102
DELETE;2248
ADD;9607;3
ADD;7001;2
UPDATE;1259;4229;5
DELETE;7309
UPDATE;3613;1360;1
ADD;3071;7
DELETE;8344
UPDATE;8703;1319;0
UPDATE;346;2636;2
ADD;5859;5
UPDATE;4208;9718;7
DELETE;531
UPDATE;2720;3406;2
DELETE;263
UPDATE;915;9048;3
DELETE;5675
ADD;5325;0
UPDATE;1601;8931;6
DELETE;5325
DELETE;746
ADD;1305;2
ADD;2871;6
DELETE;4634
UPDATE;5607;4538;7
UPDATE;3387;2066;6
ADD;7244;7
ADD;1530;6
UPDATE;3643;1846;1
UPDATE;8310;7943;0
DELETE;8990
ADD;8430;4
UPDATE;395;4795;7
ADD;4094;2
DELETE;622
UPDATE;5938;5660;4
UPDATE;292;8206;1
ADD;1876;1
ADD;7758;0
UPDATE;3340;7591;0
ADD;6575;7
ADD;7873;2
ADD;4693;4
UPDATE;7357;5765;3
DELETE;2418
UPDATE;4434;4319;6
DELETE;6611
ADD;2411;3
ADD;9374;7
UPDATE;6868;7679;3
DELETE;7086
ADD;9803;6
DELETE;6233
DELETE;2701
DELETE;7349
ADD;7581;6
UPDATE;3437;2623;7
UPDATE;1303;9964;6
ADD;4507;2
DELETE;9270
DELETE;1425
ADD;8022;4
UPDATE;7018;1072;5
DELETE;7003
DELETE;9410
DELETE;2171
UPDATE;9221;5336;3
DELETE;8792
DELETE;6726
UPDATE;1649;3079;0
ADD;8601;2
UPDATE;1493;4586;3
ADD;2362;7
UPDATE;4626;4506;5
ADD;5185;1
ADD;9341;3
ADD;4833;4
UPDATE;4484;5760;0
DELETE;8704
ADD;9269;4
ADD;4435;6
DELETE;5735
ADD;8666;3
UPDATE;8110;4601;1
UPDATE;5569;6968;3
ADD;5503;5
UPDATE;7645;7062;0
ADD;2690;1
DELETE;9884
DELETE;3645
ADD;5196;6
DELETE;3808
DELETE;629
ADD;9079;4
ADD;7150;2
UPDATE;5672;7329;6
ADD;4742;0
ADD;3817;5
ADD;2552;7
DELETE;9855
ADD;4524;7
ADD;5665;1
ADD;5274;2
ADD;9824;1
UPDATE;7402;7585;4
DELETE;3340
UPDATE;828;7278;4
ADD;4154;5
ADD;1507;5
UPDATE;1723;3285;0
DELETE;4910
DELETE;4783
UPDATE;1730;9469;4
ADD;5627;6
UPDATE;7150;5362;1
DELETE;4902
ADD;7179;6
UPDATE;3772;9514;3
UPDATE;2623;5799;3
UPDATE;9108;6045;6
UPDATE;5846;8705;4
UPDATE;925;8854;3
ADD;9278;5
UPDATE;2821;3726;3
UPDATE;1774;2363;3
UPDATE;2706;8545;7
UPDATE;5830;8048;0
DELETE;6372
UPDATE;2793;5350;7
DELETE;3932
UPDATE;224;2259;5
DELETE;3977
ADD;2014;0
UPDATE;592;4373;6
UPDATE;6066;9138;3
UPDATE;5719;6356;2
UPDATE;3931;2968;3
ADD;4429;0
UPDATE;3507;5496;2
UPDATE;1091;5320;0
UPDATE;4346;9877;7
DELETE;5684
ADD;9972;6
ADD;9231;5
UPDATE;2599;9637;4
ADD;7080;7
UPDATE;4052;2369;4
DELETE;4318
ADD;3018;0
DELETE;1006
ADD;6613;3
UPDATE;7022;1345;3
UPDATE;25;1156;5
ADD;7838;6
UPDATE;7551;4868;1
DELETE;3214
UPDATE;8222;5591;3
DELETE;8168
ADD;4880;0
ADD;1910;2
ADD;2819;6
DELETE;1888
ADD;2117;5
DELETE;8445
ADD;6897;5
DELETE;8478
DELETE;4710
DELETE;3533
ADD;3266;6
ADD;4348;5
UPDATE;69;8664;5
UPDATE;9340;2930;6
ADD;7238;3
UPDATE;5514;5286;2
UPDATE;557;5357;2
ADD;2244;0
ADD;5480;1
UPDATE;8072;4762;7
DELETE;8471
DELETE;56
ADD;6834;6
UPDATE;1124;3030;1
ADD;9272;5
UPDATE;447;1672;1
DELETE;6425
UPDATE;7910;7323;4
UPDATE;7309;4488;0
ADD;9997;4
ADD;7388;7
DELETE;7735
UPDATE;8891;1578;5
ADD;5716;4
UPDATE;8330;3670;4
DELETE;2752
UPDATE;6410;4573;5
ADD;9089;5
DELETE;7365
ADD;6054;4
ADD;7162;0
ADD;8656;3
UPDATE;9844;3196;1
UPDATE;8533;4715;5
UPDATE;3298;1874;0
UPDATE;2980;2347;7
UPDATE;4471;3095;2
DELETE;4739
ADD;2360;1
UPDATE;4062;8439;1
DELETE;9687
ADD;1821;2
ADD;6672;4
UPDATE;842;7648;4
UPDATE;2881;3716;6
ADD;1051;4
DELETE;2364
ADD;1172;1
ADD;4612;5
UPDATE;9657;6234;2
ADD;5584;1
ADD;8187;1
DELETE;7601
ADD;2118;2
ADD;5456;0
ADD;7937;5
DELETE;681
ADD;7590;5
ADD;2984;4
UPDATE;7972;9369;6
ADD;6260;4
DELETE;7259
DELETE;5038
DELETE;5075
DELETE;9741
UPDATE;5500;3114;5
DELETE;2294
ADD;6766;3
DELETE;7499
ADD;1620;7
ADD;5201;2
ADD;2085;7
UPDATE;9526;1449;1
DELETE;5522
DELETE;9552
DELETE;5950
UPDATE;8989;7249;4
DELETE;2153
DELETE;4295
ADD;8372;5
ADD;5844;3
DELETE;1098
ADD;9972;1
ADD;6884;4
UPDATE;5390;6276;5
DELETE;3547
ADD;4373;0
UPDATE;965;2616;6
DELETE;5108
ADD;5172;3
UPDATE;2185;8369;5
UPDATE;9763;5192;5
DELETE;3341
DELETE;2409
ADD;6118;6
UPDATE;4555;2764;5
ADD;2776;7
UPDATE;724;9120;2
UPDATE;963;5492;6
DELETE;4718
UPDATE;6264;7448;0
DELETE;4516
DELETE;4363
DELETE;3016
UPDATE;1038;7331;1
ADD;3476;2
UPDATE;5601;2162;2
UPDATE;663;3293;6
ADD;8739;6
DELETE;3591
UPDATE;8211;8041;1
ADD;5176;1
UPDATE;2340;1100;5
UPDATE;5085;2973;1
UPDATE;1960;9323;5
UPDATE;1993;9913;4
DELETE;5402
DELETE;1030
UPDATE;9870;6083;2
UPDATE;4926;9070;5
ADD;7248;3
DELETE;5435
ADD;1693;1
DELETE;7258
ADD;7563;2
UPDATE;5662;8122;1
UPDATE;5456;8831;1
DELETE;1305
ADD;1369;6
ADD;3806;4
DELETE;960
UPDATE;9051;3872;2
ADD;2300;1
ADD;5183;2
UPDATE;7064;2944;7
DELETE;3067
UPDATE;5909;7384;6
DELETE;1549
DELETE;2926
UPDATE;2719;2868;0
ADD;6381;2
ADD;9614;7
UPDATE;9292;8083;6
ADD;2213;5
ADD;2993;1
ADD;9366;1
DELETE;8227
DELETE;6899
DELETE;6957
ADD;2392;4
DELETE;2053
ADD;6803;4
ADD;7104;3
DELETE;2861
ADD;9089;7
UPDATE;1537;6515;7
DELETE;4504
DELETE;9814
ADD;6020;2
UPDATE;6683;7067;0
ADD;9170;6
UPDATE;5439;3841;7
DELETE;1464
ADD;2015;1
DELETE;1584
ADD;6105;3
UPDATE;3915;7701;6
UPDATE;7706;4742;4
ADD;7662;4
UPDATE;82;3145;4
ADD;7782;7
DELETE;5093
DELETE;4986
DELETE;5558
ADD;3307;4
UPDATE;6848;9493;4
ADD;5027;4
ADD;6520;3
DELETE;5527
DELETE;7267
DELETE;4069
UPDATE;6294;6431;2
UPDATE;8474;1374;4
UPDATE;6562;4034;4
UPDATE;8182;2491;6
ADD;9335;3
ADD;6931;0
DELETE;1146
ADD;9182;7
ADD;6681;0
ADD;6044;0
ADD;5111;4
DELETE;6626
DELETE;6325
DELETE;7267
ADD;6072;2
UPDATE;7308;1664;4
ADD;2909;2
ADD;5318;2
ADD;7495;3
DELETE;397
UPDATE;526;5879;2
ADD;7704;6
ADD;2884;5
DELETE;3267
DELETE;5391
DELETE;48
DELETE;6122
DELETE;8571
ADD;3837;5
ADD;9370;3
UPDATE;961;4887;4
ADD;5495;4
DELETE;1115
ADD;2077;5
DELETE;7240
UPDATE;3278;3234;7
ADD;4904;2
ADD;3186;4
DELETE;8923
UPDATE;3989;7076;1
UPDATE;4233;7123;3
ADD;8287;6
DELETE;4919
DELETE;3149
UPDATE;5741;8907;1
DELETE;5363
ADD;8334;0
DELETE;6985
DELETE;9251
UPDATE;1034;2802;7
UPDATE;1418;5521;5
ADD;5773;3
ADD;8406;0
DELETE;6448
ADD;1829;7
DELETE;3150
ADD;7351;2
DELETE;830
DELETE;8461
UPDATE;4748;6258;6
DELETE;8644
DELETE;6180
ADD;8564;1
DELETE;9198
ADD;7807;5
DELETE;302
UPDATE;3804;6074;7
ADD;1439;6
DELETE;1759
UPDATE;5711;2051;3
DELETE;6487
UPDATE;9397;4795;2
UPDATE;6219;4501;4
DELETE;705
DELETE;3163
ADD;7228;4
DELETE;9971
UPDATE;3698;9087;0
DELETE;2271
DELETE;298
ADD;4234;1
UPDATE;2182;6474;0
DELETE;6813
UPDATE;4959;9469;6
DELETE;8057
UPDATE;1584;7864;5
ADD;1396;6
UPDATE;7765;4822;7
ADD;2236;1
UPDATE;6412;5023;6
UPDATE;170;8371;3
UPDATE;7938;2334;3
ADD;3885;5
ADD;7882;2
ADD;5593;1
UPDATE;2259;7881;1
ADD;5829;0
DELETE;4625
DELETE;2185
DELETE;2963
DELETE;3869
UPDATE;7143;3694;0
ADD;8713;6
DELETE;9756
DELETE;1958
DELETE;686
ADD;5935;6
UPDATE;1431;9809;1
ADD;5736;2
UPDATE;7546;5508;7
UPDATE;8626;2117;4
ADD;7175;0
ADD;5612;7
ADD;2193;5
UPDATE;5952;5134;4
ADD;7291;2
DELETE;1041
ADD;6209;5
UPDATE;7088;4559;0
UPDATE;7556;1677;0
ADD;4862;2
ADD;6663;6
UPDATE;5003;8923;6
UPDATE;182;1117;4
ADD;7494;1
ADD;6686;0
DELETE;5744
UPDATE;2504;6861;2
ADD;3005;5
UPDATE;7369;7012;2
UPDATE;9588;5186;6
ADD;5736;5
ADD;7738;3
DELETE;3554
ADD;7448;6
ADD;9934;4
UPDATE;924;5144;0
ADD;6874;1
UPDATE;3383;7312;3
ADD;9357;0
ADD;7096;4
UPDATE;8743;2990;7
ADD;4760;3
UPDATE;2061;1447;2
ADD;5489;1
UPDATE;399;3601;5
UPDATE;6096;6321;0
DELETE;970
UPDATE;5991;1699;5
UPDATE;6575;8421;0
DELETE;6949
DELETE;841
ADD;9351;4
DELETE;3015
UPDATE;9383;9614;1
UPDATE;3680;8854;7
DELETE;6592
DELETE;2416
UPDATE;4937;4509;7
ADD;1018;2
ADD;4600;1
ADD;9954;5
DELETE;9185
DELETE;5534
DELETE;3238
ADD;6967;5
ADD;3788;0
UPDATE;960;8663;4
UPDATE;487;7901;2
ADD;7709;5
ADD;3666;6
UPDATE;6460;2711;4
ADD;5319;6
ADD;2339;0
UPDATE;2849;7774;7
DELETE;5285
DELETE;2871
UPDATE;9474;6815;1
UPDATE;9865;2761;1
UPDATE;3678;4005;1
ADD;5894;7
UPDATE;9654;6407;3
DELETE;8175
UPDATE;1524;2122;4
UPDATE;7860;8987;6
ADD;6676;2
ADD;8456;5
UPDATE;7635;2469;0
ADD;3275;2
DELETE;1230
ADD;5500;0
DELETE;1172
DELETE;5658
DELETE;3659
UPDATE;3378;5169;4
ADD;5018;5
ADD;5659;5
UPDATE;9274;2751;6
ADD;5190;7
ADD;5176;1
UPDATE;3546;5014;5
UPDATE;3765;2936;2
DELETE;9740
UPDATE;9552;4801;2
DELETE;7469
ADD;1271;5
DELETE;1660
UPDATE;2110;1583;7
DELETE;2398
UPDATE;9513;9691;7
ADD;2822;6
DELETE;9813
UPDATE;165;5071;4
DELETE;3832
UPDATE;3762;2388;6
ADD;4515;2
ADD;8090;7
ADD;3266;3
DELETE;7909
ADD;4981;3
DELETE;3981
DELETE;1187
UPDATE;4303;5719;1
DELETE;8344
UPDATE;8409;1408;5
UPDATE;8730;7484;5
DELETE;8217
ADD;6452;5
ADD;7868;5
UPDATE;6257;7313;6
ADD;8752;4
DELETE;2437
ADD;6131;6
ADD;5018;5
UPDATE;2480;8531;7
UPDATE;7546;4530;7
ADD;9676;1
ADD;8336;3
UPDATE;3651;2701;4
DELETE;8235
UPDATE;3401;5572;5
ADD;2411;0
DELETE;2279
ADD;8041;0
UPDATE;9499;5427;1
UPDATE;2518;5489;0
DELETE;715
DELETE;1357
UPDATE;1029;8186;7
DELETE;5880
DELETE;1458
DELETE;7772
ADD;7637;1
DELETE;740
ADD;8765;1
UPDATE;5538;7503;6
DELETE;4909
ADD;3805;2
DELETE;3075
DELETE;8765
UPDATE;9630;8151;0
DELETE;4490
UPDATE;7631;7404;7
UPDATE;8940;7880;4
ADD;7027;7
ADD;2939;2
UPDATE;9507;5469;0
UPDATE;1813;9374;4
UPDATE;3948;4690;4
UPDATE;4474;9301;3
UPDATE;6215;5202;4
DELETE;1535
ADD;1002;6
ADD;6075;1
DELETE;7175
ADD;4958;2
UPDATE;1612;6454;6
UPDATE;1980;4969;2
ADD;8942;3
ADD;9141;3
ADD;7207;2
DELETE;520
DELETE;2346
ADD;4593;6
DELETE;2605
DELETE;2583
UPDATE;5596;8422;1
DELETE;2448
UPDATE;7618;4573;3
UPDATE;1095;4872;0
UPDATE;7011;3638;0
UPDATE;9284;4543;0
DELETE;4832
UPDATE;5329;1575;3
UPDATE;2489;4522;7
ADD;2430;5
ADD;8642;6
UPDATE;2561;3240;0
UPDATE;2327;5570;7
DELETE;9474
DELETE;8684
UPDATE;2604;6924;6
DELETE;5430
DELETE;7028
DELETE;751
UPDATE;2795;5412;3
UPDATE;7618;7499;6
ADD;4513;2
DELETE;6883
DELETE;8212
UPDATE;4080;4556;4
ADD;4183;0
DELETE;3275
DELETE;1807
ADD;7295;2
UPDATE;7419;8020;4
ADD;5995;2
UPDATE;8693;4928;7
ADD;2501;2
UPDATE;5593;2380;3
ADD;7844;2
ADD;5770;0
ADD;2604;2
ADD;1433;7
DELETE;9347
DELETE;5680
ADD;1634;1
DELETE;7292
DELETE;8752
UPDATE;7607;6542;5
ADD;6539;2
UPDATE;447;5264;0
ADD;4398;3
DELETE;6113
ADD;9280;0
DELETE;2103
UPDATE;412;9808;6
UPDATE;1517;9679;6
UPDATE;7496;8201;4
ADD;5579;5
UPDATE;277;1501;0
DELETE;8499
DELETE;9253
UPDATE;1741;3270;6
ADD;3878;0
UPDATE;6064;3124;7
UPDATE;4344;7260;0
DELETE;1129
UPDATE;9521;1570;2
UPDATE;3329;6917;2
DELETE;6298
DELETE;2864
UPDATE;3401;8682;5
ADD;4662;1
ADD;1537;3
UPDATE;967;6050;7
DELETE;1451
UPDATE;4159;5538;0
DELETE;2220
UPDATE;5150;1707;1
DELETE;3644
UPDATE;4946;8824;7
ADD;9042;3
UPDATE;5755;4393;6
DELETE;3494
ADD;9441;0
UPDATE;3162;1252;5
UPDATE;9571;8102;0
ADD;2210;6
DELETE;4206
ADD;3435;6
ADD;8845;1
DELETE;2404
ADD;1419;2
UPDATE;8804;2491;0
UPDATE;3173;2427;2
DELETE;7212
DELETE;6997
ADD;6073;3
DELETE;9685
UPDATE;3720;9297;3
DELETE;1882
UPDATE;9412;9817;5
ADD;3158;7
DELETE;1011
UPDATE;2671;4123;5
UPDATE;2339;5390;3
DELETE;9138
UPDATE;8555;4858;3
ADD;9314;7
DELETE;3711
DELETE;1473
ADD;7441;2
UPDATE;7352;8097;6
DELETE;9705
UPDATE;626;6562;0
ADD;5405;0
DELETE;2787
UPDATE;1964;3662;0
ADD;5010;3
UPDATE;8379;1369;0
DELETE;4521
DELETE;2365
DELETE;9203
ADD;6046;6
ADD;9886;7
UPDATE;3589;4203;1
ADD;6387;0
ADD;4043;2
DELETE;7376
UPDATE;6918;2506;2
ADD;6419;5
DELETE;9594
UPDATE;5767;4344;1
UPDATE;8913;4126;1
DELETE;8086
UPDATE;2856;6744;1
UPDATE;4751;3803;6
ADD;4612;0
ADD;4577;1
UPDATE;924;4710;6
ADD;2497;6
DELETE;3180
UPDATE;9825;4195;5
DELETE;6370
DELETE;9261
DELETE;2067
ADD;2045;0
ADD;4141;2
DELETE;7055
DELETE;3257
ADD;5970;6
ADD;5998;3
ADD;3942;2
ADD;8638;6
DELETE;229
ADD;4531;2
UPDATE;9372;9822;7
DELETE;7227
ADD;3748;6
ADD;4496;7
DELETE;2088
ADD;5828;1
ADD;9349;2
ADD;1528;4
UPDATE;1019;2234;6
DELETE;1208
ADD;5283;3
ADD;6905;4
ADD;8062;5
DELETE;7802
DELETE;1875
UPDATE;3528;7120;3
DELETE;3043
ADD;5024;1
ADD;3077;5
ADD;1592;0
UPDATE;5737;2064;2
UPDATE;5005;1404;3
ADD;9422;0
UPDATE;8129;3563;2
DELETE;1187
DELETE;2595
UPDATE;681;9060;4
DELETE;3884
ADD;7253;2
UPDATE;1810;5747;3
DELETE;5271
UPDATE;7778;1941;4
UPDATE;9248;3296;7
ADD;7176;3
ADD;8911;4
UPDATE;6488;5503;5
DELETE;2949
DELETE;7420
UPDATE;6443;5341;0
DELETE;2175
UPDATE;7330;4905;6
DELETE;5487
DELETE;6332
ADD;7051;0
ADD;3594;3
DELETE;9795
UPDATE;5450;8028;7
ADD;9601;7
ADD;8771;3
UPDATE;2474;4395;6
ADD;8686;6
UPDATE;7765;4894;1
UPDATE;4418;4672;7
UPDATE;7820;5704;4
UPDATE;4514;3332;2
DELETE;6182
UPDATE;2936;8900;3
ADD;2129;5
DELETE;6902
ADD;1101;7
DELETE;1474
ADD;9197;4
ADD;3278;2
UPDATE;3536;1588;7
DELETE;8224
UPDATE;1669;2478;2
DELETE;9786
UPDATE;7278;6658;7
UPDATE;4734;5052;5
ADD;3882;7
ADD;2192;3
ADD;2257;5
UPDATE;1059;1558;1
UPDATE;9157;7641;2
DELETE;8416
UPDATE;3448;8173;4
UPDATE;9737;2123;2
ADD;8996;5
UPDATE;546;2608;0
DELETE;9659
DELETE;2383
ADD;3735;3
ADD;9725;0
DELETE;3107
UPDATE;6069;8916;6
ADD;7437;6
ADD;5301;1
ADD;7651;4
DELETE;9115
DELETE;5612
DELETE;6621
UPDATE;4041;3685;6
ADD;7213;0
UPDATE;127;6359;1
DELETE;3208
ADD;3965;2
ADD;2429;3
UPDATE;4702;8203;4
UPDATE;6760;5166;1
ADD;6012;2
DELETE;9062
DELETE;8715
ADD;6774;4
ADD;4555;3
ADD;7015;1
UPDATE;6574;2679;0
UPDATE;6819;4199;4
ADD;1956;7
ADD;7628;3
UPDATE;511;1750;6
DELETE;6303
ADD;8878;3
ADD;8139;4
ADD;2394;4
DELETE;924
UPDATE;6955;3954;7
DELETE;4188
ADD;5814;6
ADD;5833;1
ADD;8362;7
UPDATE;5906;9506;3
DELETE;4769
UPDATE;8338;7454;6
DELETE;8557
UPDATE;8611;9930;2
UPDATE;6309;4879;7
UPDATE;2673;4293;3
ADD;1074;4
UPDATE;6659;2244;0
ADD;6749;3
ADD;8795;6
ADD;6025;1
ADD;1164;0
UPDATE;6760;8541;1
ADD;1412;0
UPDATE;1668;3007;7
DELETE;3618
UPDATE;1232;8636;6
ADD;2631;5
UPDATE;733;6173;4
DELETE;7445
DELETE;2283
UPDATE;9809;4882;4
DELETE;8999
UPDATE;2752;7192;7
ADD;9902;2
UPDATE;2280;2120;7
DELETE;5218
ADD;7008;4
ADD;4133;5
DELETE;247
DELETE;5989
DELETE;9909
UPDATE;7652;5124;3
UPDATE;9216;4655;2
UPDATE;9894;3206;3
ADD;9540;6
DELETE;5787
ADD;8853;4
ADD;7033;1
DELETE;393
UPDATE;5239;8322;5
ADD;4852;7
UPDATE;477;5079;3
ADD;8207;6
ADD;8185;1
DELETE;2935
UPDATE;6349;7692;6
ADD;5173;5
DELETE;6911
UPDATE;8956;3236;1
DELETE;3695
UPDATE;4190;6029;7
ADD;5100;0
UPDATE;1023;3942;7
UPDATE;6889;2382;6
ADD;5529;7
ADD;6624;1
ADD;2095;6
ADD;2860;5
UPDATE;6031;6771;6
ADD;2467;1
ADD;1781;5
UPDATE;2342;7319;2
ADD;1777;6
UPDATE;2861;1869;1
DELETE;879
DELETE;7496
UPDATE;8507;8044;2
UPDATE;1764;7226;0
ADD;1755;2
UPDATE;4793;5762;0
DELETE;3146
DELETE;3789
UPDATE;5284;5721;3
ADD;6280;6
UPDATE;6045;6067;6
UPDATE;8022;2914;3
UPDATE;3832;3116;6
ADD;8104;2
DELETE;4966
DELETE;6459
UPDATE;5327;4103;0
ADD;6344;0
DELETE;8665
DELETE;8752
DELETE;4892
ADD;6139;0
UPDATE;5248;4139;1
ADD;6315;6
ADD;3080;0
ADD;7352;6
UPDATE;9046;6737;1
ADD;8249;6
DELETE;8019
ADD;1947;0
DELETE;8507
ADD;8219;4
ADD;4973;3
ADD;3600;7
ADD;1983;3
UPDATE;2843;8215;0
DELETE;8018
ADD;8964;0
DELETE;5210
DELETE;1683
UPDATE;3211;7769;3
UPDATE;4952;8483;1
ADD;7573;7
ADD;3800;1
UPDATE;3347;6316;5
DELETE;7494
ADD;8851;6
ADD;2431;6
ADD;2190;3
DELETE;9878
UPDATE;9944;2364;7
UPDATE;2571;9488;3
ADD;5112;2
UPDATE;3535;2315;5
DELETE;6322
ADD;7277;1
DELETE;6169
UPDATE;810;9997;5
DELETE;4318
UPDATE;834;9806;7
DELETE;7639
DELETE;3191
ADD;6534;0
UPDATE;7435;1425;3
DELETE;9945
ADD;6282;4
DELETE;4232
DELETE;2951
DELETE;9089
ADD;3686;6
DELETE;6654
UPDATE;6090;8540;4
ADD;3910;4
UPDATE;1092;3308;6
UPDATE;7505;6495;5
ADD;8101;5
UPDATE;9262;2135;3
UPDATE;6470;4332;7
ADD;5062;0
ADD;9347;6
DELETE;4311
DELETE;3209
DELETE;8114
DELETE;7053
ADD;2529;2
ADD;8534;4
ADD;5248;3
DELETE;5592
ADD;1556;4
UPDATE;714;8805;7
DELETE;800
UPDATE;2492;9347;4
DELETE;7264
UPDATE;9967;1602;1
UPDATE;4440;4405;5
DELETE;1170
UPDATE;8554;8082;1
UPDATE;1244;1418;3
DELETE;1024
DELETE;8438
UPDATE;4569;9344;7
ADD;9359;2
DELETE;8964
UPDATE;790;3588;1
DELETE;8908
UPDATE;1120;5145;5
ADD;7378;7
UPDATE;340;3139;6
DELETE;7089
ADD;8195;6
ADD;4611;5
ADD;9730;6
DELETE;9675
DELETE;1727
DELETE;3118
ADD;4638;6
UPDATE;5017;8203;2
UPDATE;4963;9063;6
ADD;6715;6
DELETE;9058
UPDATE;4854;4083;6
DELETE;9983
DELETE;2430
UPDATE;9588;8689;5
DELETE;2243
ADD;7449;1
ADD;4313;3
UPDATE;147;1711;7
DELETE;3699
UPDATE;9614;6078;0
UPDATE;9055;9288;0
DELETE;1711
ADD;1038;7
UPDATE;5573;3885;6
ADD;9494;7
UPDATE;5921;7647;1
UPDATE;5585;3905;5
ADD;6618;5
ADD;5576;4
UPDATE;9169;7570;7
DELETE;667
DELETE;3820
UPDATE;1725;8960;5
ADD;1496;1
ADD;4189;6
UPDATE;1043;8042;0
DELETE;9204
ADD;8836;4
ADD;8255;6
DELETE;1113
ADD;3870;0
ADD;1909;4
ADD;9334;7
DELETE;9150
UPDATE;7669;6666;3
UPDATE;6185;1147;0
UPDATE;3420;7103;5
DELETE;2977
UPDATE;3170;2909;2
DELETE;2465
ADD;7110;4
DELETE;7568
ADD;6195;2
ADD;3528;7
DELETE;7618
UPDATE;8728;3577;4
UPDATE;8932;4051;5
UPDATE;6936;6160;3
ADD;5813;6
DELETE;5243
DELETE;2800
DELETE;2472
ADD;1109;7
UPDATE;3798;2668;5
UPDATE;3467;9268;3
ADD;4548;2
UPDATE;5526;8899;5
UPDATE;2577;9681;7
UPDATE;5791;8101;3
UPDATE;3113;7633;2
ADD;7476;3
ADD;9730;2
ADD;7412;0
UPDATE;9983;7484;2
UPDATE;8809;6762;7
ADD;6096;1
DELETE;853
UPDATE;9396;1490;5
ADD;3599;0
UPDATE;5665;4232;6
DELETE;4141
DELETE;3278
ADD;8122;0
DELETE;6786
DELETE;2855
DELETE;5431
UPDATE;6774;6567;3
UPDATE;186;7209;6
DELETE;152
DELETE;8850
UPDATE;1131;7290;6
UPDATE;7253;3393;0
UPDATE;6511;9826;2
UPDATE;4313;3649;5
ADD;9019;2
UPDATE;9003;3537;4
DELETE;6205
DELETE;6075
UPDATE;21;7434;2
DELETE;9730
ADD;2132;4
UPDATE;4347;4998;0
DELETE;5976
UPDATE;318;8359;6
UPDATE;1986;5977;1
ADD;8945;0
DELETE;2939
DELETE;4030
DELETE;6828
UPDATE;5042;9484;5
ADD;8511;2
DELETE;4317
ADD;1537;1
DELETE;8445
ADD;2666;7
ADD;2697;5
DELETE;5942
UPDATE;275;9265;2
DELETE;8005
DELETE;9598
DELETE;6014
UPDATE;6141;3003;4
DELETE;7390
UPDATE;7205;5411;3
UPDATE;3158;9643;3
UPDATE;6711;9240;6
DELETE;6732
ADD;6588;3
DELETE;3827
ADD;3029;7
UPDATE;5207;3616;7
UPDATE;5248;4442;3
DELETE;4432
UPDATE;7750;6380;5
UPDATE;2706;2983;1
ADD;4744;7
UPDATE;3871;1380;6
UPDATE;4142;3237;5
ADD;4832;7
DELETE;6367
DELETE;7241
ADD;3765;3
UPDATE;7535;6119;2
UPDATE;7466;5715;6
DELETE;1881
DELETE;2565
DELETE;3148
UPDATE;6156;2475;6
DELETE;3867
ADD;9591;0
UPDATE;8582;9163;7
UPDATE;531;5411;6
UPDATE;547;8939;4
UPDATE;9349;3080;7
ADD;5322;3
UPDATE;4391;5242;6
UPDATE;5061;1348;0
UPDATE;2368;5021;7
UPDATE;4714;5253;5
DELETE;437
ADD;3789;2
ADD;9911;3
ADD;1814;2
DELETE;8989
UPDATE;3115;4313;5
UPDATE;7814;9083;0
ADD;7062;5
DELETE;3226
DELETE;8702
ADD;2893;7
ADD;3142;0
UPDATE;668;9296;1
UPDATE;7462;2386;4
DELETE;6661
UPDATE;7092;2523;1
DELETE;567
DELETE;5521
DELETE;4049
ADD;2700;4
UPDATE;3899;6425;0
DELETE;8988
UPDATE;5051;7202;4
DELETE;4613
DELETE;8649
DELETE;2844
UPDATE;3109;2871;1
DELETE;1369
UPDATE;1816;8167;5
ADD;7343;0
DELETE;1772
ADD;1672;1
ADD;9815;0
UPDATE;5542;1710;7
UPDATE;2481;9837;6
DELETE;6716
ADD;4080;5
ADD;4758;3
ADD;9164;2
UPDATE;6487;6352;2
DELETE;5014
UPDATE;1265;3066;4
UPDATE;3094;4290;0
ADD;8311;3
ADD;3865;2
DELETE;2303
UPDATE;2101;3366;2
DELETE;6201
DELETE;1778
ADD;1157;1
DELETE;7250
UPDATE;9172;9028;1
ADD;9372;0
DELETE;6727
UPDATE;2766;6154;0
DELETE;1963
UPDATE;2007;6775;3
DELETE;2061
UPDATE;2277;1639;6
DELETE;2611
UPDATE;3620;9046;6
ADD;7787;0
DELETE;7024
UPDATE;9319;6361;4
ADD;3979;6
ADD;5125;6
DELETE;4326
DELETE;4836
ADD;7890;0
UPDATE;6878;9384;0
DELETE;2208
DELETE;6938
ADD;7448;7
UPDATE;1559;8111;0
ADD;7883;4
UPDATE;1267;5297;1
DELETE;451
DELETE;3359
DELETE;9694
ADD;5135;7
ADD;5162;3
DELETE;565
DELETE;9244
ADD;9584;3
DELETE;785
ADD;5032;5
DELETE;2765
DELETE;3668
UPDATE;201;3361;4
DELETE;6480
ADD;4667;7
DELETE;3940
UPDATE;5503;1671;3
UPDATE;4264;5122;2
UPDATE;5226;7519;3
UPDATE;3629;1622;5
DELETE;9525
UPDATE;3918;3981;7
DELETE;424
ADD;1014;3
UPDATE;756;3743;1
ADD;8152;6
DELETE;7044
DELETE;919
ADD;3011;6
ADD;9992;7
ADD;8763;4
DELETE;3689
UPDATE;7900;2569;1
UPDATE;6157;2116;0
DELETE;1654
UPDATE;2344;7436;4
DELETE;4346
UPDATE;4473;4215;4
ADD;1832;5
UPDATE;7285;2650;6
DELETE;9443
UPDATE;9198;4618;2
UPDATE;9540;9973;1
DELETE;7818
DELETE;8239
ADD;6265;1
DELETE;5207
UPDATE;1966;6038;6
ADD;5656;3
UPDATE;7420;4444;1
ADD;5813;0
UPDATE;3995;2456;3
ADD;8636;3
DELETE;9187
ADD;8513;3
ADD;9584;6
UPDATE;9527;9152;1
UPDATE;9153;5927;6
UPDATE;6706;6050;0
DELETE;5978
DELETE;5947
UPDATE;1126;7530;5
DELETE;65
ADD;9762;5
DELETE;9285
DELETE;8899
UPDATE;656;1712;3
DELETE;8347
ADD;4796;2
DELETE;7686
DELETE;2951
ADD;2274;3
UPDATE;1559;4130;4
UPDATE;6301;1405;3
UPDATE;208;8809;2
ADD;2285;2
ADD;3501;6
ADD;8008;0
DELETE;4574
ADD;7893;3
UPDATE;7443;3033;4
UPDATE;4790;2661;4
UPDATE;6159;8329;3
UPDATE;9094;2774;2
DELETE;2771
DELETE;884
UPDATE;1574;3471;6
DELETE;9288
ADD;9286;5
UPDATE;7922;4090;0
UPDATE;6805;4431;6
UPDATE;57;9844;7
DELETE;5813
ADD;5075;7
UPDATE;8263;9843;3
UPDATE;766;7868;2
UPDATE;8489;7440;4
DELETE;7451
ADD;5257;2
DELETE;7412
DELETE;8970
ADD;1684;7
UPDATE;3843;1824;1
DELETE;4202
ADD;4147;1
UPDATE;4451;8126;5
ADD;7004;6
DELETE;4824
ADD;8759;1
DELETE;2590
UPDATE;1904;8104;1
DELETE;5350
UPDATE;5209;9471;6
ADD;2701;5
UPDATE;1991;1322;3
ADD;3157;7
DELETE;7063
UPDATE;8768;8635;2
ADD;6451;4
UPDATE;4172;4761;1
UPDATE;6886;1218;4
DELETE;5581
UPDATE;9480;8431;7
ADD;1201;1
UPDATE;4625;2834;5
ADD;3615;6
ADD;3642;5
ADD;4073;0
ADD;2108;2
DELETE;2451
UPDATE;6701;9937;6
ADD;1145;6
UPDATE;176;3412;4
UPDATE;9205;3789;3
DELETE;6562
ADD;9292;7
ADD;9022;1
UPDATE;8410;1329;4
ADD;8487;2
UPDATE;3076;5274;3
UPDATE;2382;9967;1
UPDATE;4089;9088;1
ADD;4734;1
DELETE;2309
UPDATE;4346;7486;2
ADD;3606;1
UPDATE;1577;6624;0
DELETE;3480
ADD;4408;7
ADD;4553;4
ADD;7335;0
DELETE;5373
UPDATE;8983;2798;4
UPDATE;6109;7760;0
UPDATE;8227;2867;3
ADD;5811;4
UPDATE;9078;6354;3
DELETE;4642
ADD;6261;6
UPDATE;5396;4243;6
DELETE;4113
UPDATE;2854;7213;2
DELETE;1717
ADD;1260;5
ADD;3108;0
DELETE;9026
UPDATE;4365;3990;2
ADD;8486;4
DELETE;3018
DELETE;5500
DELETE;2335
DELETE;7024
ADD;5077;3
ADD;3469;0
UPDATE;4891;6167;7
UPDATE;9507;5789;0
UPDATE;5578;5384;0
ADD;5263;0
ADD;8092;2
ADD;2055;3
ADD;7667;1
DELETE;4169
DELETE;6366
DELETE;4226
UPDATE;3271;8236;1
UPDATE;5518;7597;4
ADD;8956;2
UPDATE;5010;4675;7
DELETE;679
ADD;9677;6
ADD;2023;4
UPDATE;6536;5578;1
UPDATE;1000;6690;7
DELETE;438
DELETE;7364
DELETE;1187
ADD;3868;1
ADD;1314;5
UPDATE;8552;7805;7
ADD;5739;0
UPDATE;7368;2716;6
DELETE;1230
DELETE;7819
DELETE;3595
DELETE;8204
DELETE;707
ADD;9482;7
DELETE;4746
DELETE;2736
ADD;3896;7
DELETE;8002
DELETE;2673
DELETE;5507
ADD;8151;6
UPDATE;1301;7214;1
DELETE;2430
DELETE;8097
DELETE;6411
ADD;1215;2
ADD;6642;1
ADD;4545;7
DELETE;8515
UPDATE;5974;1548;6
UPDATE;4644;3070;4
DELETE;1462
ADD;8607;1
ADD;6003;2
DELETE;9393
ADD;5666;3
ADD;1868;0
UPDATE;700;6671;3
DELETE;2421
ADD;4340;7
ADD;8805;4
DELETE;6058
ADD;7814;6
UPDATE;1608;1242;5
ADD;3804;2
UPDATE;4307;7804;2
ADD;6350;6
DELETE;4967
ADD;9253;2
DELETE;7215
ADD;5502;5
DELETE;6024
ADD;1132;0
UPDATE;7529;6673;5
ADD;1862;6
ADD;9307;0
DELETE;3371
DELETE;2963
ADD;9260;5
UPDATE;7600;6297;3
ADD;6767;1
ADD;8634;7
UPDATE;7828;7374;3
ADD;6500;3
UPDATE;231;3219;0
DELETE;9204
UPDATE;1057;3314;7
DELETE;3068
UPDATE;3484;2275;5
DELETE;1376
ADD;2683;3
DELETE;9462
ADD;4566;7
UPDATE;9185;8859;2
DELETE;7044
UPDATE;7002;8888;4
ADD;2076;5
UPDATE;3764;9676;3
ADD;4312;2
UPDATE;8245;4752;2
UPDATE;6222;4703;0
DELETE;2226
UPDATE;9404;5069;0
UPDATE;1258;3842;5
ADD;8923;3
ADD;3617;7
ADD;4080;0
UPDATE;2870;3854;5
DELETE;5900
ADD;1320;5
ADD;9127;2
DELETE;8979
ADD;2061;3
ADD;9668;5
DELETE;2012
DELETE;3094
ADD;3166;7
DELETE;6096
UPDATE;9022;8188;4
ADD;5901;2
ADD;4261;1
ADD;8518;4
UPDATE;1947;5008;5
ADD;1432;3
DELETE;2645
ADD;6566;5
UPDATE;653;1660;3
DELETE;8491
DELETE;3543
UPDATE;6177;9768;5
UPDATE;4201;2450;6
UPDATE;8832;5555;0
UPDATE;5685;9089;0
ADD;6912;7
ADD;5400;0
DELETE;1676
ADD;9895;4
UPDATE;4256;1336;1
UPDATE;4258;2702;6
DELETE;853
DELETE;4280
UPDATE;2612;7870;5
DELETE;1690
UPDATE;1018;7410;4
UPDATE;4925;2581;1
ADD;4577;7
DELETE;1534
UPDATE;3206;3649;5
ADD;3166;2
ADD;4792;4
ADD;8084;5
DELETE;5844
ADD;4677;4
ADD;4908;7
UPDATE;3832;1428;0
ADD;7318;4
ADD;7576;6
UPDATE;3305;3406;1
UPDATE;6686;6610;2
DELETE;7231
DELETE;759
DELETE;6025
ADD;5106;2
ADD;1819;7
DELETE;1372
UPDATE;6513;7013;7
ADD;1148;7
DELETE;6375
UPDATE;5199;5992;6
UPDATE;767;8751;1
UPDATE;8313;8240;1
UPDATE;1070;8373;6
DELETE;5738
ADD;3777;4
DELETE;5655
DELETE;9124
UPDATE;5343;6233;7
ADD;8995;0
ADD;8563;7
UPDATE;649;6938;3
DELETE;5272
ADD;7048;2
DELETE;3103
DELETE;4416
UPDATE;1549;4446;5
ADD;3623;2
ADD;5972;5
UPDATE;1910;1746;7
ADD;2405;3
ADD;4499;4
ADD;2675;7
ADD;1990;7
ADD;3392;3
ADD;5810;3
UPDATE;5943;1612;7
ADD;2357;7
UPDATE;4716;9662;3
ADD;2458;0
DELETE;7774
ADD;2348;0
UPDATE;6315;3868;1
DELETE;4810
UPDATE;8894;8842;0
DELETE;87
UPDATE;9874;9894;3
DELETE;3635
DELETE;8776
DELETE;7105
DELETE;5447
DELETE;6124
DELETE;6080
UPDATE;9156;5699;3
ADD;5086;2
UPDATE;7352;1782;7
ADD;8017;6
UPDATE;3256;2425;1
DELETE;151
DELETE;2075
DELETE;1095
DELETE;8732
UPDATE;1369;6825;4
UPDATE;547;7639;4
UPDATE;7796;1420;3
DELETE;8576
UPDATE;4275;3158;3
UPDATE;4664;8246;2
UPDATE;3633;5031;5
DELETE;1553
ADD;3879;2
UPDATE;8334;8816;5
ADD;7348;6
DELETE;9326
DELETE;4300
DELETE;6942
ADD;6189;7
UPDATE;7169;3182;6
ADD;8487;7
DELETE;1180
ADD;4244;7
DELETE;2335
ADD;5893;0
DELETE;6238
UPDATE;6820;6044;7
UPDATE;6068;9334;5
UPDATE;1326;1670;3
DELETE;5181
DELETE;9999
UPDATE;426;9246;7
UPDATE;3400;4772;2
DELETE;7970
ADD;7941;3
DELETE;4395
DELETE;2197
ADD;5261;0
DELETE;3
DELETE;3381
DELETE;2867
DELETE;2922
UPDATE;4251;8955;3
ADD;2722;7
UPDATE;7689;4048;5
UPDATE;8882;8414;4
DELETE;4513
ADD;9447;5
UPDATE;6942;1284;4
UPDATE;535;7482;7
ADD;8551;7
DELETE;9001
DELETE;7436
DELETE;1694
DELETE;9145
ADD;6374;5
ADD;8497;4
UPDATE;3375;8617;1
DELETE;1833
UPDATE;3904;6305;1
ADD;2779;7
UPDATE;5009;1173;7
UPDATE;6872;7632;5
UPDATE;8439;7489;2
ADD;9042;0
DELETE;5608
UPDATE;1584;6890;7
DELETE;3855
DELETE;2037
UPDATE;5142;7510;5
UPDATE;9008;1497;1
UPDATE;9580;2271;3
DELETE;9194
ADD;9845;2
DELETE;6755
ADD;9495;0
ADD;5625;1
UPDATE;3636;7683;1
DELETE;7035
DELETE;2312
UPDATE;6062;6602;5
DELETE;7001
DELETE;2653
ADD;7711;4
DELETE;9401
DELETE;2063
